Segment>>,Consumer,Unnamed: 2,Unnamed: 3,Unnamed: 4,Consumer Total,Corporate,Unnamed: 7,Unnamed: 8,Unnamed: 9,Corporate Total,Home Office,Unnamed: 12,Unnamed: 13,Unnamed: 14,Home Office Total
Ship Mode>>,First Class,Same Day,Second Class,Standard Class,-1.6689712624554668e-17,First Class,Same Day,Second Class,Standard Class,-2.6770475832846935e-17,First Class,Same Day,Second Class,Standard Class,8.449141758494671e-17
Order ID,,,,,-1.6689712624554668e-17,,,,,-2.6770475832846935e-17,,,,,8.449141758494671e-17
CA-2011-100293,,,,,-1.6689712624554668e-17,,,,,-2.6770475832846935e-17,,,,91.056,-0.3842388388997592
CA-2011-100706,,,129.44,,-0.11004089483966265,,,,,-2.6770475832846935e-17,,,,,8.449141758494671e-17
CA-2011-100895,,,,605.47,-0.040157660686196875,,,,,-2.6770475832846935e-17,,,,,8.449141758494671e-17
CA-2011-100916,,,,,-1.6689712624554668e-17,,,,788.86,-0.04570370998153029,,,,,8.449141758494671e-17
CA-2011-101266,,,13.36,,-0.12708193389294567,,,,,-2.6770475832846935e-17,,,,,8.449141758494671e-17
CA-2011-101560,,,,,-1.6689712624554668e-17,,,542.34,,-0.10375315382720625,,,,,8.449141758494671e-17
CA-2011-101770,,,,,-1.6689712624554668e-17,,,,1.869,-0.23102088449699507,,,,,8.449141758494671e-17
CA-2011-102274,,,,,-1.6689712624554668e-17,,,,865.5,-0.02765686032903716,,,,,8.449141758494671e-17
CA-2011-102673,,,,,-1.6689712624554668e-17,,,,1044.44,0.014479142760956597,,,,,8.449141758494671e-17
CA-2011-102988,,,,,-1.6689712624554668e-17,,,4251.92,,0.7697624063749788,,,,,8.449141758494671e-17
CA-2011-103317,,,,,-1.6689712624554668e-17,242.546,,,,-0.17434732455684515,,,,,8.449141758494671e-17
CA-2011-103366,149.95,,,,-0.10702993936944526,,,,,-2.6770475832846935e-17,,,,,8.449141758494671e-17
CA-2011-103807,,,,,-1.6689712624554668e-17,,,,21.19,-0.22647126051296818,,,,,8.449141758494671e-17
CA-2011-103989,,,,,-1.6689712624554668e-17,590.762,,,,-0.09235095453345599,,,,,8.449141758494671e-17
CA-2011-104283,,,,616.14,-0.03859125918121299,,,,,-2.6770475832846935e-17,,,,,8.449141758494671e-17
CA-2011-106054,,,,,-1.6689712624554668e-17,12.78,,,,-0.2284516102725907,,,,,8.449141758494671e-17
CA-2011-106810,,,,,-1.6689712624554668e-17,,,,310.88,-0.15825633520202437,,,,,8.449141758494671e-17
CA-2011-107573,,,,23.472,-0.12559744916769758,,,,,-2.6770475832846935e-17,,,,,8.449141758494671e-17
CA-2011-107811,,,,,-1.6689712624554668e-17,,,,661.504,-0.075692939944251,,,,,8.449141758494671e-17
CA-2011-108707,,,,,-1.6689712624554668e-17,,,,,-2.6770475832846935e-17,,,,10.368,-0.4142222725087931
CA-2011-109043,243.6,,,,-0.0932817199747179,,,,,-2.6770475832846935e-17,,,,,8.449141758494671e-17
CA-2011-109232,,,545.94,,-0.04889691856733003,,,,,-2.6770475832846935e-17,,,,,8.449141758494671e-17
CA-2011-110100,,,,302.376,-0.0846531525092134,,,,,-2.6770475832846935e-17,,,,,8.449141758494671e-17
CA-2011-110408,,,,,-1.6689712624554668e-17,,,2216.8,,0.29054131210590506,,,,,8.449141758494671e-17
CA-2011-110422,,,25.248,,-0.1253367247934847,,,,,-2.6770475832846935e-17,,,,,8.449141758494671e-17
CA-2011-111500,,,,,-1.6689712624554668e-17,,,,484.79,-0.11730477435827331,,,,,8.449141758494671e-17
CA-2011-111934,,,,,-1.6689712624554668e-17,47.32,,,,-0.22031828319799368,,,,,8.449141758494671e-17
CA-2011-112718,,,,,-1.6689712624554668e-17,,,,1.167,-0.23118618836515856,,,,,8.449141758494671e-17
CA-2011-113047,,11.85,,,-0.1273036083327325,,,,,-2.6770475832846935e-17,,,,,8.449141758494671e-17
CA-2011-113166,9.568,,,,-0.1276386156649137,,,,,-2.6770475832846935e-17,,,,,8.449141758494671e-17
CA-2011-114314,,,,,-1.6689712624554668e-17,,,,16.23,-0.22763921946751367,,,,,8.449141758494671e-17
CA-2011-114321,,,,,-1.6689712624554668e-17,,,,1417.35,0.10229034714393169,,,,,8.449141758494671e-17
CA-2011-114335,,,,337.088,-0.07955728287088157,,,,,-2.6770475832846935e-17,,,,,8.449141758494671e-17
CA-2011-114790,,,,,-1.6689712624554668e-17,,,782.63,,-0.047170722942582385,,,,,8.449141758494671e-17
CA-2011-115084,,,,,-1.6689712624554668e-17,,,,605.34,-0.0889181912997132,,,,,8.449141758494671e-17
CA-2011-115357,,,62.91,,-0.11980778257411234,,,,,-2.6770475832846935e-17,,,,,8.449141758494671e-17
CA-2011-116190,,,,256.48,-0.09139088104461551,,,,,-2.6770475832846935e-17,,,,,8.449141758494671e-17
CA-2011-116239,,354.9,,,-0.07694240530698532,,,,,-2.6770475832846935e-17,,,,,8.449141758494671e-17
CA-2011-116407,,,,362.176,-0.0758742574765952,,,,,-2.6770475832846935e-17,,,,,8.449141758494671e-17
CA-2011-116568,,,,186.304,-0.10169301712837833,,,,,-2.6770475832846935e-17,,,,,8.449141758494671e-17
CA-2011-117016,,,,15.552,-0.12676013894459282,,,,,-2.6770475832846935e-17,,,,,8.449141758494671e-17
CA-2011-117345,,,,,-1.6689712624554668e-17,,,,202.896,-0.18368393192533883,,,,,8.449141758494671e-17
CA-2011-117639,,,,,-1.6689712624554668e-17,,,,3333.9,0.553591100033881,,,,,8.449141758494671e-17
CA-2011-120432,,,,,-1.6689712624554668e-17,,,25.5,,-0.22545636069561115,,,,,8.449141758494671e-17
CA-2011-120670,,,,,-1.6689712624554668e-17,,,,,-2.6770475832846935e-17,,,,799.92,-0.12082697242848418
CA-2011-120768,,,1979.89,,0.161613056884558,,,,,-2.6770475832846935e-17,,,,,8.449141758494671e-17
CA-2011-120950,,,,43.68,-0.12263082858543757,,,,,-2.6770475832846935e-17,,,,,8.449141758494671e-17
CA-2011-121286,,,,,-1.6689712624554668e-17,,,66.616,,-0.21577454610385868,,,,,8.449141758494671e-17
CA-2011-122217,,,,,-1.6689712624554668e-17,,,,,-2.6770475832846935e-17,,,,111.15,-0.37677196507787825
CA-2011-123400,,,,199.296,-0.09978573612062287,,,,,-2.6770475832846935e-17,,,,,8.449141758494671e-17
CA-2011-123925,,,40.05,,-0.12316372806651456,,,,,-2.6770475832846935e-17,,,,,8.449141758494671e-17
CA-2011-124023,8.96,,,,-0.12772787265788746,,,,,-2.6770475832846935e-17,,,,,8.449141758494671e-17
CA-2011-124618,,,479.984,,-0.058579540653807764,,,,,-2.6770475832846935e-17,,,,,8.449141758494671e-17
CA-2011-124688,,,,,-1.6689712624554668e-17,1812.01,,,,0.19522314573282704,,,,,8.449141758494671e-17
CA-2011-125136,,,,,-1.6689712624554668e-17,,,,106.944,-0.20627828628149775,,,,,8.449141758494671e-17
CA-2011-125682,,,,,-1.6689712624554668e-17,9.96,,,,-0.22911565145239274,,,,,8.449141758494671e-17
CA-2011-127299,,,,2692.329,0.2662021404655529,,,,,-2.6770475832846935e-17,,,,,8.449141758494671e-17
CA-2011-127488,,,4.608,,-0.12836676481812084,,,,,-2.6770475832846935e-17,,,,,8.449141758494671e-17
CA-2011-127614,,,,1508.13,0.09235667694161528,,,,,-2.6770475832846935e-17,,,,,8.449141758494671e-17
CA-2011-128839,,,,254.97,-0.09161255548440236,,,,,-2.6770475832846935e-17,,,,,8.449141758494671e-17
CA-2011-128846,,,,,-1.6689712624554668e-17,,,,752.92,-0.054166702890071576,,,,,8.449141758494671e-17
CA-2011-129091,,,,,-1.6689712624554668e-17,,,,1022.61,0.009338710507382409,,,,,8.449141758494671e-17
CA-2011-129819,,,,,-1.6689712624554668e-17,,,12.39,,-0.22854344575490373,,,,,8.449141758494671e-17
CA-2011-130155,34.2,,,,-0.12402253301535764,,,,,-2.6770475832846935e-17,,,,,8.449141758494671e-17
CA-2011-130428,,1142.165,,,0.03863145418890409,,,,,-2.6770475832846935e-17,,,,,8.449141758494671e-17
CA-2011-130918,,,7.632,,-0.1279228287214881,,,,,-2.6770475832846935e-17,,,,,8.449141758494671e-17
CA-2011-131527,,,,95.968,-0.11495472718969271,,,,,-2.6770475832846935e-17,,,,,8.449141758494671e-17
CA-2011-131541,,193.152,,,-0.10068770152330525,,,,,-2.6770475832846935e-17,,,,,8.449141758494671e-17
CA-2011-131905,,,,,-1.6689712624554668e-17,321.56,,,,-0.1557414558402208,,,,,8.449141758494671e-17
CA-2011-132010,,,,,-1.6689712624554668e-17,,,,,-2.6770475832846935e-17,389.74,,,,-0.27324870549602265
CA-2011-132612,,,1441.3,,0.08254574792773774,,,,,-2.6770475832846935e-17,,,,,8.449141758494671e-17
CA-2011-133634,,,,,-1.6689712624554668e-17,,,,,-2.6770475832846935e-17,,,,47.79,-0.4003163626768817
CA-2011-134551,,,,732.312,-0.021536714135572115,,,,,-2.6770475832846935e-17,,,,,8.449141758494671e-17
CA-2011-134621,,,,,-1.6689712624554668e-17,,,,,-2.6770475832846935e-17,,,,18.24,-0.41129705947376544
CA-2011-136336,,,,,-1.6689712624554668e-17,,,,828.84,-0.03628939566646406,,,,,8.449141758494671e-17
CA-2011-136567,,,,,-1.6689712624554668e-17,,,,,-2.6770475832846935e-17,2884.37,,,,0.6537487784434026
CA-2011-136861,31.984,,,,-0.1243478512660647,,,,,-2.6770475832846935e-17,,,,,8.449141758494671e-17
CA-2011-137911,,,,,-1.6689712624554668e-17,,,,88.768,-0.2105582907084773,,,,,8.449141758494671e-17
CA-2011-138296,,,,24.56,-0.12543772612763923,,,,,-2.6770475832846935e-17,,,,,8.449141758494671e-17
CA-2011-138527,,,,,-1.6689712624554668e-17,,,,192.424,-0.1861498323632421,,,,,8.449141758494671e-17
CA-2011-138709,,,,37.44,-0.12354688719753684,,,,,-2.6770475832846935e-17,,,,,8.449141758494671e-17
CA-2011-140165,,,,,-1.6689712624554668e-17,,,,,-2.6770475832846935e-17,405.456,,,,-0.2674086841471284
CA-2011-140886,,,,69.216,-0.11888203488053892,,,,,-2.6770475832846935e-17,,,,,8.449141758494671e-17
CA-2011-142727,,,69.9,,-0.11878162076344341,,,,,-2.6770475832846935e-17,,,,,8.449141758494671e-17
CA-2011-142951,,23.472,,,-0.12559744916769758,,,,,-2.6770475832846935e-17,,,,,8.449141758494671e-17
CA-2011-143182,,,,15.384,-0.12678480206107243,,,,,-2.6770475832846935e-17,,,,,8.449141758494671e-17
CA-2011-143840,,,,180.93,-0.10248194324719588,,,,,-2.6770475832846935e-17,,,,,8.449141758494671e-17
CA-2011-145317,,,,,-1.6689712624554668e-17,,,,,-2.6770475832846935e-17,,,,23661.228,8.374370710419976
CA-2011-145576,,,26.128,,-0.12520753704049634,,,,,-2.6770475832846935e-17,,,,,8.449141758494671e-17
CA-2011-146731,,,,147.344,-0.10741251128340852,,,,,-2.6770475832846935e-17,,,,,8.449141758494671e-17
CA-2011-146885,,,,,-1.6689712624554668e-17,,,,13.62,-0.22825381077222412,,,,,8.449141758494671e-17
CA-2011-148285,,,,,-1.6689712624554668e-17,,,,,-2.6770475832846935e-17,,,,22.32,-0.4097809429617084
CA-2011-148425,,,,,-1.6689712624554668e-17,,,,6.642,-0.2298969594788407,,,,,8.449141758494671e-17
CA-2011-149020,,,,,-1.6689712624554668e-17,,,,54.83,-0.21854986147447825,,,,,8.449141758494671e-17
CA-2011-149538,,,,,-1.6689712624554668e-17,,,,364.93,-0.14552887925581803,,,,,8.449141758494671e-17
CA-2011-149958,,,,370.782,-0.0746108599740749,,,,,-2.6770475832846935e-17,,,,,8.449141758494671e-17
CA-2011-151953,,,,,-1.6689712624554668e-17,,,,2.816,-0.2307978891078913,,,,,8.449141758494671e-17
CA-2011-151967,,,,,-1.6689712624554668e-17,,,,129.92,-0.2008679989952806,,,,,8.449141758494671e-17
CA-2011-152254,,310.688,,,-0.08343291546053243,,,,,-2.6770475832846935e-17,,,,,8.449141758494671e-17
CA-2011-152268,,,,1793.98,0.13432067602311895,,,,,-2.6770475832846935e-17,,,,,8.449141758494671e-17
CA-2011-152562,,,,,-1.6689712624554668e-17,,,,75.16,-0.21376264261441583,,,,,8.449141758494671e-17
CA-2011-152849,,,,,-1.6689712624554668e-17,,,,4.368,-0.23043243098340452,,,,,8.449141758494671e-17
CA-2011-153087,,,,,-1.6689712624554668e-17,,,,521.92,-0.10856156549087942,,,,,8.449141758494671e-17
CA-2011-153913,,,,,-1.6689712624554668e-17,,,1015.816,,0.007738889310369909,,,,,8.449141758494671e-17
CA-2011-153927,286.65,,,,-0.08696179637682133,,,,,-2.6770475832846935e-17,,,,,8.449141758494671e-17
CA-2011-154158,,,619.848,,-0.03804690896748476,,,,,-2.6770475832846935e-17,,,,,8.449141758494671e-17
CA-2011-155208,,,,,-1.6689712624554668e-17,,,,39.072,-0.2222604859111169,,,,,8.449141758494671e-17
CA-2011-155390,,,,42.208,-0.12284692446316355,,,,,-2.6770475832846935e-17,,,,,8.449141758494671e-17
CA-2011-155852,,,19.456,,-0.12618701509497174,,,,,-2.6770475832846935e-17,,,,,8.449141758494671e-17
CA-2011-156006,,,47.79,,-0.122027463057276,,,,,-2.6770475832846935e-17,,,,,8.449141758494671e-17
CA-2011-156244,,,,,-1.6689712624554668e-17,,,,,-2.6770475832846935e-17,,,,457.744,-0.2479786105730013
CA-2011-156790,,,155.456,,-0.10622163508767946,,,,,-2.6770475832846935e-17,,,,,8.449141758494671e-17
CA-2011-157609,,,,,-1.6689712624554668e-17,,,,,-2.6770475832846935e-17,,,471.92,,-0.24271084888797173
CA-2011-157784,514.03,,,,-0.05358144265580576,,,,,-2.6770475832846935e-17,,,,,8.449141758494671e-17
CA-2011-158274,,,,,-1.6689712624554668e-17,,,,,-2.6770475832846935e-17,,,682.91,,-0.16430755896666907
CA-2011-158470,,,129.33,,-0.1100570433087862,,,,,-2.6770475832846935e-17,,,,,8.449141758494671e-17
CA-2011-158771,,,,,-1.6689712624554668e-17,,158.71,,,-0.19408865659581193,,,,,8.449141758494671e-17
CA-2011-159184,,,,149.56,-0.10708719303270148,,,,,-2.6770475832846935e-17,,,,,8.449141758494671e-17
CA-2011-159681,,,,105.52,-0.11355245285270996,,,,,-2.6770475832846935e-17,,,,,8.449141758494671e-17
CA-2011-160094,1000.95,,,,0.017900489940891013,,,,,-2.6770475832846935e-17,,,,,8.449141758494671e-17
CA-2011-160276,,,,,-1.6689712624554668e-17,,,,177.68,-0.1896216845458668,,,,,8.449141758494671e-17
CA-2011-160773,,,,,-1.6689712624554668e-17,,,,581.104,-0.09462517783648021,,,,,8.449141758494671e-17
CA-2011-161634,,,,32.4,-0.12428678069192474,,,,,-2.6770475832846935e-17,,,,,8.449141758494671e-17
CA-2011-162775,,,,,-1.6689712624554668e-17,,,1287.26,,0.07165732690263693,,,,,8.449141758494671e-17
CA-2011-163013,,,,14.67,-0.12688962030611073,,,,,-2.6770475832846935e-17,,,,,8.449141758494671e-17
CA-2011-163223,,,,,-1.6689712624554668e-17,,,,3769.56,0.6561783980454305,,,,,8.449141758494671e-17
CA-2011-163293,,,,,-1.6689712624554668e-17,116.85,,,,-0.2039456650307462,,,,,8.449141758494671e-17
CA-2011-164315,,,,1220.67,0.05015632299384881,,,,,-2.6770475832846935e-17,,,,,8.449141758494671e-17
CA-2011-164749,9.912,,,,-0.12758811499783643,,,,,-2.6770475832846935e-17,,,,,8.449141758494671e-17
CA-2011-164910,,,,,-1.6689712624554668e-17,,,7.872,,-0.2296073244961611,,,,,8.449141758494671e-17
CA-2011-165764,,,,1395.673,0.07584750973955595,,,,,-2.6770475832846935e-17,,,,,8.449141758494671e-17
CA-2011-165806,,,,,-1.6689712624554668e-17,,,,,-2.6770475832846935e-17,,259.29,,,-0.3217235581915719
CA-2011-166051,,,,773.7,-0.015460779225705837,,,,,-2.6770475832846935e-17,,,,,8.449141758494671e-17
CA-2011-166457,,,40.54,,-0.1230917939767824,,,,,-2.6770475832846935e-17,,,,,8.449141758494671e-17
CA-2011-166730,39.128,,,,-0.12329908159862281,,,,,-2.6770475832846935e-17,,,,,8.449141758494671e-17
CA-2011-167199,,,,,-1.6689712624554668e-17,,,,,-2.6770475832846935e-17,,,,4374.88,1.2076180976556918
CA-2011-167850,,,,,-1.6689712624554668e-17,,,,193.936,-0.18579379326258225,,,,,8.449141758494671e-17
CA-2011-169257,,,,63.381,-0.1197386377654106,,,,,-2.6770475832846935e-17,,,,,8.449141758494671e-17
CA-2011-169684,,,,,-1.6689712624554668e-17,426.942,,,,-0.1309265666168514,,,,,8.449141758494671e-17
CA-2011-169775,,,709.0425,,-0.024952775974393347,,,,,-2.6770475832846935e-17,,,,,8.449141758494671e-17
CA-2012-100769,,,,,-1.6689712624554668e-17,,,,,-2.6770475832846935e-17,,255.968,,,-0.32295800403790853
CA-2012-100888,,,,47.952,-0.12200368076638496,,,,,-2.6770475832846935e-17,,,,,8.449141758494671e-17
CA-2012-101868,,,,175.32,-0.10330551517249671,,,,,-2.6770475832846935e-17,,,,,8.449141758494671e-17
CA-2012-102260,,,,,-1.6689712624554668e-17,,,,,-2.6770475832846935e-17,,,,763.508,-0.13435756910422458
CA-2012-102491,,,,3747.93,0.421168869149948,,,,,-2.6770475832846935e-17,,,,,8.449141758494671e-17
CA-2012-102582,,,,1918.79,0.1526433163077524,,,,,-2.6770475832846935e-17,,,,,8.449141758494671e-17
CA-2012-102722,106.5,,,,-0.11340858467324563,,,,,-2.6770475832846935e-17,,,,,8.449141758494671e-17
CA-2012-102778,18.176,,,,-0.1263749245538639,,,,,-2.6770475832846935e-17,,,,,8.449141758494671e-17
CA-2012-103093,,,,74.52,-0.11810338506025451,,,,,-2.6770475832846935e-17,,,,,8.449141758494671e-17
CA-2012-103135,,,,,-1.6689712624554668e-17,,,,,-2.6770475832846935e-17,,,,525.95,-0.22263345301874576
CA-2012-103772,,,,,-1.6689712624554668e-17,,,,,-2.6770475832846935e-17,,,,260.31,-0.32134452906355765
CA-2012-103793,,,,,-1.6689712624554668e-17,,,,74.352,-0.21395290689572083,,,,,8.449141758494671e-17
CA-2012-103870,,,,,-1.6689712624554668e-17,,,,284.44,-0.16448230995165794,,,,,8.449141758494671e-17
CA-2012-104038,,,,,-1.6689712624554668e-17,176.63,,,,-0.18986893392132503,,,,,8.449141758494671e-17
CA-2012-104115,,,,55.984,-0.12082454891183664,,,,,-2.6770475832846935e-17,,,,,8.449141758494671e-17
CA-2012-104241,,,,,-1.6689712624554668e-17,,,,192.22,-0.18619786938475968,,,,,8.449141758494671e-17
CA-2012-104941,,,,,-1.6689712624554668e-17,,,,976.29,-0.00156851908426011,,,,,8.449141758494671e-17
CA-2012-105571,,,,,-1.6689712624554668e-17,,,,1361.631,0.08916988242854466,,,,,8.449141758494671e-17
CA-2012-106187,,,,,-1.6689712624554668e-17,,,,268.4,-0.16825933850627683,,,,,8.449141758494671e-17
CA-2012-107678,,,,893.09,0.002066181943931115,,,,,-2.6770475832846935e-17,,,,,8.449141758494671e-17
CA-2012-108119,,,,301.96,-0.08471422308335336,,,,,-2.6770475832846935e-17,,,,,8.449141758494671e-17
CA-2012-108259,,,,,-1.6689712624554668e-17,,,,81.135,-0.21235567593026072,,,,,8.449141758494671e-17
CA-2012-109386,,,750.93,,-0.018803512334279713,,,,,-2.6770475832846935e-17,,,,,8.449141758494671e-17
CA-2012-109470,,,,,-1.6689712624554668e-17,,,596.48,,-0.09100450507738922,,,,,8.449141758494671e-17
CA-2012-109708,,,,,-1.6689712624554668e-17,,,467.04,,-0.12148446618149558,,,,,8.449141758494671e-17
CA-2012-110247,,,,8.226,-0.12783562698822096,,,,,-2.6770475832846935e-17,,,,,8.449141758494671e-17
CA-2012-110345,,,4.608,,-0.12836676481812084,,,,,-2.6770475832846935e-17,,,,,8.449141758494671e-17
CA-2012-110947,,,,,-1.6689712624554668e-17,,,,,-2.6770475832846935e-17,,,,113.1,-0.3760473505684392
CA-2012-111199,,,,115.296,-0.11211729436042105,,,,,-2.6770475832846935e-17,,,,,8.449141758494671e-17
CA-2012-111703,,,,27.504,-0.12500553437218725,,,,,-2.6770475832846935e-17,,,,,8.449141758494671e-17
CA-2012-112375,,,,78.192,-0.11756431980005762,,,,,-2.6770475832846935e-17,,,,,8.449141758494671e-17
CA-2012-113628,,,,,-1.6689712624554668e-17,,,,792.508,-0.04484469500850973,,,,,8.449141758494671e-17
CA-2012-114300,,,,371.66,-0.07448196582961605,,,,,-2.6770475832846935e-17,,,,,8.449141758494671e-17
CA-2012-114503,,,,84.96,-0.11657074853616531,,,,,-2.6770475832846935e-17,,,,,8.449141758494671e-17
CA-2012-115091,,,,,-1.6689712624554668e-17,,,,,-2.6770475832846935e-17,,,,75.04,-0.3901903394039517
CA-2012-115847,,,,,-1.6689712624554668e-17,,,,,-2.6770475832846935e-17,,,61.96,,-0.3950508305749581
CA-2012-115938,,,,535.36,-0.05045010768848557,,,,,-2.6770475832846935e-17,,,,,8.449141758494671e-17
CA-2012-116638,,,4297.644,,0.501869228747953,,,,,-2.6770475832846935e-17,,,,,8.449141758494671e-17
CA-2012-116750,,,,,-1.6689712624554668e-17,,,12.158,,-0.2285980760931002,,,,,8.449141758494671e-17
CA-2012-117828,194.32,,,,-0.10051623414206617,,,,,-2.6770475832846935e-17,,,,,8.449141758494671e-17
CA-2012-117884,,598.352,,,-0.04120261344275502,,,,,-2.6770475832846935e-17,,,,,8.449141758494671e-17
CA-2012-118444,,,,387.136,-0.07221002302819801,,,,,-2.6770475832846935e-17,,,,,8.449141758494671e-17
CA-2012-118843,,,,199.86,-0.09970293851529852,,,,,-2.6770475832846935e-17,,,,,8.449141758494671e-17
CA-2012-119480,,,,364.07,-0.07559621019914069,,,,,-2.6770475832846935e-17,,,,,8.449141758494671e-17
CA-2012-119592,,,,,-1.6689712624554668e-17,,,3.76,,-0.2305756001455746,,,,,8.449141758494671e-17
CA-2012-119634,,,,46.152,-0.12226792844295206,,,,,-2.6770475832846935e-17,,,,,8.449141758494671e-17
CA-2012-120516,,,,5.64,-0.12821526281688903,,,,,-2.6770475832846935e-17,,,,,8.449141758494671e-17
CA-2012-120621,,,,1270.379,0.05745381619077888,,,,,-2.6770475832846935e-17,,,,,8.449141758494671e-17
CA-2012-120845,,,,,-1.6689712624554668e-17,,,,22.549,-0.22615124917844656,,,,,8.449141758494671e-17
CA-2012-121552,,,,,-1.6689712624554668e-17,,,,19.56,-0.22685508573391763,,,,,8.449141758494671e-17
CA-2012-121720,,,,,-1.6689712624554668e-17,3165.744,,,,0.513994465767641,,,,,8.449141758494671e-17
CA-2012-122168,,,,,-1.6689712624554668e-17,,,,53.28,-0.21891484864777372,,,,,8.449141758494671e-17
CA-2012-122266,,,,194.1395,-0.10054273231185526,,,,,-2.6770475832846935e-17,,,,,8.449141758494671e-17
CA-2012-123092,,,,288.85,-0.08663882699435042,,,,,-2.6770475832846935e-17,,,,,8.449141758494671e-17
CA-2012-123330,,,,107.976,-0.11319190157846061,,,,,-2.6770475832846935e-17,,,,,8.449141758494671e-17
CA-2012-125066,,,,,-1.6689712624554668e-17,,,,62.46,-0.21675318267948188,,,,,8.449141758494671e-17
CA-2012-125563,,,,121.888,-0.11114956064712642,,,,,-2.6770475832846935e-17,,,,,8.449141758494671e-17
CA-2012-125696,,,,,-1.6689712624554668e-17,,,,,-2.6770475832846935e-17,,,,7.38,-0.4153326048955643
CA-2012-125976,,,,2026.78,0.16849670885913104,,,,,-2.6770475832846935e-17,,,,,8.449141758494671e-17
CA-2012-128027,,,269.49,,-0.08948095756009439,,,,,-2.6770475832846935e-17,,,,,8.449141758494671e-17
CA-2012-128083,,,,,-1.6689712624554668e-17,,,,45.976,-0.2206347623985802,,,,,8.449141758494671e-17
CA-2012-128139,,,,365.91,-0.07532609035198319,,,,,-2.6770475832846935e-17,,,,,8.449141758494671e-17
CA-2012-128958,,,,,-1.6689712624554668e-17,,,,,-2.6770475832846935e-17,,,,13.12,-0.41319963705752333
CA-2012-129098,,,,30.84,-0.12451579534494955,,,,,-2.6770475832846935e-17,,,,,8.449141758494671e-17
CA-2012-130218,59.48,,,,-0.12031132120223742,,,,,-2.6770475832846935e-17,,,,,8.449141758494671e-17
CA-2012-131422,,,,,-1.6689712624554668e-17,,,,207,-0.1827175400806907,,,,,8.449141758494671e-17
CA-2012-132318,182.91,,,,-0.10219127080297209,,,,,-2.6770475832846935e-17,,,,,8.449141758494671e-17
CA-2012-133242,,,,1046.47,0.024583020072743544,,,,,-2.6770475832846935e-17,,,,,8.449141758494671e-17
CA-2012-133396,,,,,-1.6689712624554668e-17,64.68,,,,-0.2162304268570845,,,,,8.449141758494671e-17
CA-2012-133977,,,,,-1.6689712624554668e-17,,,,,-2.6770475832846935e-17,,,3.444,,-0.4167952114130782
CA-2012-134257,,,498.93,,-0.05579818705367423,,,,,-2.6770475832846935e-17,,,,,8.449141758494671e-17
CA-2012-134719,,,,1801.632,0.13544402225705868,,,,,-2.6770475832846935e-17,,,,,8.449141758494671e-17
CA-2012-134782,,,,105.42,-0.1135671332791859,,,,,-2.6770475832846935e-17,,,,,8.449141758494671e-17
CA-2012-134894,,,,436.86,-0.06491032776729652,,,,,-2.6770475832846935e-17,,,,,8.449141758494671e-17
CA-2012-134992,,,,,-1.6689712624554668e-17,,,,,-2.6770475832846935e-17,,,80.38,,-0.3882060104396417
CA-2012-135510,,,,,-1.6689712624554668e-17,,,,,-2.6770475832846935e-17,,,,67.96,-0.3928212474689919
CA-2012-136147,,,,233.064,-0.09482844970822402,,,,,-2.6770475832846935e-17,,,,,8.449141758494671e-17
CA-2012-136224,,10.272,,,-0.127535265462523,,,,,-2.6770475832846935e-17,,,,,8.449141758494671e-17
CA-2012-137106,,,,,-1.6689712624554668e-17,,,,79.96,-0.21263235975517825,,,,,8.449141758494671e-17
CA-2012-137281,,,,,-1.6689712624554668e-17,,,,6.48,-0.22993510652534,,,,,8.449141758494671e-17
CA-2012-137974,2298.9,,,,0.20844508538548676,,,,,-2.6770475832846935e-17,,,,,8.449141758494671e-17
CA-2012-138457,,,,13.092,-0.1271212774359012,,,,,-2.6770475832846935e-17,,,,,8.449141758494671e-17
CA-2012-138625,197.72,,,,-0.10001709964188385,,,,,-2.6770475832846935e-17,,,,,8.449141758494671e-17
CA-2012-140718,,,,,-1.6689712624554668e-17,246.364,,,,-0.17344827873255994,,,,,8.449141758494671e-17
CA-2012-140830,,,,,-1.6689712624554668e-17,,,,,-2.6770475832846935e-17,,,89.36,,-0.384869067724379
CA-2012-141145,,,,87.168,-0.11624660471957633,,,,,-2.6770475832846935e-17,,,,,8.449141758494671e-17
CA-2012-141327,440.144,,,,-0.06442822256182631,,,,,-2.6770475832846935e-17,,,,,8.449141758494671e-17
CA-2012-141565,,,,1664.132,0.11525843585262713,,,,,-2.6770475832846935e-17,,,,,8.449141758494671e-17
CA-2012-141754,,,,,-1.6689712624554668e-17,,,,,-2.6770475832846935e-17,,,,11.696,-0.41372879144800595
CA-2012-142202,,,,,-1.6689712624554668e-17,,,717.12,,-0.0625967292152184,,,,,8.449141758494671e-17
CA-2012-142755,,,,919.49,0.005941814533581967,,,,,-2.6770475832846935e-17,,,,,8.449141758494671e-17
CA-2012-143119,,,,517.5,-0.05307203185709028,,,,,-2.6770475832846935e-17,,,,,8.449141758494671e-17
CA-2012-143532,,,,14.496,-0.12691516424817886,,,,,-2.6770475832846935e-17,,,,,8.449141758494671e-17
CA-2012-144288,,,,19.584,-0.12616822414908252,,,,,-2.6770475832846935e-17,,,,,8.449141758494671e-17
CA-2012-145324,,,,,-1.6689712624554668e-17,,,,,-2.6770475832846935e-17,,,,39.96,-0.40322596863016763
CA-2012-145352,,,,6412.77,0.8123787460516596,,,,,-2.6770475832846935e-17,,,,,8.449141758494671e-17
CA-2012-147011,,,,,-1.6689712624554668e-17,,,,13.632,-0.22825098506507602,,,,,8.449141758494671e-17
CA-2012-147102,,,,,-1.6689712624554668e-17,,,,66.36,-0.21583482785635136,,,,,8.449141758494671e-17
CA-2012-147529,,,,,-1.6689712624554668e-17,,,,324.11,-0.15514099307125082,,,,,8.449141758494671e-17
CA-2012-147879,,,,45.68,-0.12233722005591856,,,,,-2.6770475832846935e-17,,,,,8.449141758494671e-17
CA-2012-148705,,,,5.04,-0.12830334537574473,,,,,-2.6770475832846935e-17,,,,,8.449141758494671e-17
CA-2012-149300,32.985,,,,-0.12420090019704043,,,,,-2.6770475832846935e-17,,,,,8.449141758494671e-17
CA-2012-149342,,,,,-1.6689712624554668e-17,,,,896.31,-0.02040185722630605,,,,,8.449141758494671e-17
CA-2012-149734,,,,,-1.6689712624554668e-17,,,,200.984,-0.18413416126426843,,,,,8.449141758494671e-17
CA-2012-150308,,,,,-1.6689712624554668e-17,,,,246.168,-0.17349443194931216,,,,,8.449141758494671e-17
CA-2012-150560,196.62,,,,-0.10017858433311931,,,,,-2.6770475832846935e-17,,,,,8.449141758494671e-17
CA-2012-150749,,,5.56,,-0.12822700715806978,,,,,-2.6770475832846935e-17,,,,,8.449141758494671e-17
CA-2012-151547,,,,88.96,-0.1159835314771273,,,,,-2.6770475832846935e-17,,,,,8.449141758494671e-17
CA-2012-151624,,,,,-1.6689712624554668e-17,,,,21.36,-0.22643122966170354,,,,,8.449141758494671e-17
CA-2012-153038,,,,,-1.6689712624554668e-17,,,,94.688,-0.20916427518208433,,,,,8.449141758494671e-17
CA-2012-153325,,,58.72,,-0.12042289244345464,,,,,-2.6770475832846935e-17,,,,,8.449141758494671e-17
CA-2012-153535,,,,169.544,-0.10415345660574758,,,,,-2.6770475832846935e-17,,,,,8.449141758494671e-17
CA-2012-153549,,,,,-1.6689712624554668e-17,,,,,-2.6770475832846935e-17,,,1166.92,,0.015549194219783973
CA-2012-153626,,,,5.16,-0.12828572886397357,,,,,-2.6770475832846935e-17,,,,,8.449141758494671e-17
CA-2012-153752,,,173.94,,-0.10350810505786481,,,,,-2.6770475832846935e-17,,,,,8.449141758494671e-17
CA-2012-154291,,,,,-1.6689712624554668e-17,,,,457.04,-0.12383922213824052,,,,,8.449141758494671e-17
CA-2012-154746,,,,,-1.6689712624554668e-17,860.07,,,,-0.028935492813549644,,,,,8.449141758494671e-17
CA-2012-154921,,,,,-1.6689712624554668e-17,,,,186.69,-0.18750004942883963,,,,,8.449141758494671e-17
CA-2012-155068,,78.456,,,-0.11752556347416111,,,,,-2.6770475832846935e-17,,,,,8.449141758494671e-17
CA-2012-155453,,,,,-1.6689712624554668e-17,,,,4.608,-0.23037591684044265,,,,,8.449141758494671e-17
CA-2012-155600,,,1635.018,,0.11098437648841898,,,,,-2.6770475832846935e-17,,,,,8.449141758494671e-17
CA-2012-155635,,,,48.81,-0.12187772270722132,,,,,-2.6770475832846935e-17,,,,,8.449141758494671e-17
CA-2012-156328,,,,177.48,-0.10298841796061617,,,,,-2.6770475832846935e-17,,,,,8.449141758494671e-17
CA-2012-156734,,,,,-1.6689712624554668e-17,670.001,,,,-0.07369210380780485,,,,,8.449141758494671e-17
CA-2012-158148,,,,36.27,-0.12371864818730546,,,,,-2.6770475832846935e-17,,,,,8.449141758494671e-17
CA-2012-158323,,,,,-1.6689712624554668e-17,17.088,,,,-0.22743718140642497,,,,,8.449141758494671e-17
CA-2012-158421,,,,3631.96,0.4041439785657886,,,,,-2.6770475832846935e-17,,,,,8.449141758494671e-17
CA-2012-160059,,,,,-1.6689712624554668e-17,,,,,-2.6770475832846935e-17,,,,6.24,-0.41575622568569787
CA-2012-160696,,,,,-1.6689712624554668e-17,,,,7.24,-0.22975614507262737,,,,,8.449141758494671e-17
CA-2012-161445,,,,,-1.6689712624554668e-17,,,140.736,,-0.19832109495246528,,,,,8.449141758494671e-17
CA-2012-161998,,,,,-1.6689712624554668e-17,,,,277.632,-0.16608542780700988,,,,,8.449141758494671e-17
CA-2012-162201,,,,,-1.6689712624554668e-17,,,,937.608,-0.010677186076140845,,,,,8.449141758494671e-17
CA-2012-162537,,,,104.51,-0.11370072516011705,,,,,-2.6770475832846935e-17,,,,,8.449141758494671e-17
CA-2012-162761,,,,50.462,-0.12163520206183862,,,,,-2.6770475832846935e-17,,,,,8.449141758494671e-17
CA-2012-163237,,,,,-1.6689712624554668e-17,,,520.03,,-0.10900661436670421,,,,,8.449141758494671e-17
CA-2012-163923,,,,,-1.6689712624554668e-17,,,,,-2.6770475832846935e-17,,,,151.96,-0.36160708398546454
CA-2012-163965,,,,377.902,-0.07356561360898725,,,,,-2.6770475832846935e-17,,,,,8.449141758494671e-17
CA-2012-164427,,,,,-1.6689712624554668e-17,,,,239.7,-0.17501748810213477,,,,,8.449141758494671e-17
CA-2012-165414,47.976,,,,-0.12200015746403074,,,,,-2.6770475832846935e-17,,,,,8.449141758494671e-17
CA-2012-165624,,,,1142.43,0.03867035731906537,,,,,-2.6770475832846935e-17,,,,,8.449141758494671e-17
CA-2012-166604,,,,,-1.6689712624554668e-17,,,17.94,,-0.22723655619891028,,,,,8.449141758494671e-17
CA-2012-166975,,,,,-1.6689712624554668e-17,,,,692.472,-0.06840073169740331,,,,,8.449141758494671e-17
CA-2012-167696,,,,31.12,-0.1244746901508169,,,,,-2.6770475832846935e-17,,,,,8.449141758494671e-17
CA-2012-168004,,,,,-1.6689712624554668e-17,,,392.94,,-0.13893320782097549,,,,,8.449141758494671e-17
CA-2012-168459,,,,58.05,-0.12052125130084351,,,,,-2.6770475832846935e-17,,,,,8.449141758494671e-17
CA-2012-169572,,,,,-1.6689712624554668e-17,,,,46.62,-0.22048311611496585,,,,,8.449141758494671e-17
CA-2012-169677,,,,,-1.6689712624554668e-17,,,9.82,,-0.22914861803578718,,,,,8.449141758494671e-17
CA-2012-169733,,,9.952,,-0.12758224282724603,,,,,-2.6770475832846935e-17,,,,,8.449141758494671e-17
CA-2012-169740,,,,29.99,-0.12464057896999514,,,,,-2.6770475832846935e-17,,,,,8.449141758494671e-17
CA-2013-100307,,,,,-1.6689712624554668e-17,,,,,-2.6770475832846935e-17,,,,19.44,-0.4108511428525721
CA-2013-101378,,29,,,-0.12478591519210705,,,,,-2.6770475832846935e-17,,,,,8.449141758494671e-17
CA-2013-101469,,,,7.7,-0.12791284603148442,,,,,-2.6770475832846935e-17,,,,,8.449141758494671e-17
CA-2013-101525,,,140.52,,-0.10841430358612737,,,,,-2.6770475832846935e-17,,,,,8.449141758494671e-17
CA-2013-102092,1056.86,,,,0.026108316383594753,,,,,-2.6770475832846935e-17,,,,,8.449141758494671e-17
CA-2013-102162,,,,1611.01,0.10745989970007284,,,,,-2.6770475832846935e-17,,,,,8.449141758494671e-17
CA-2013-102498,73.2,,,,-0.11829716668973705,,,,,-2.6770475832846935e-17,,,,,8.449141758494671e-17
CA-2013-104157,,,,2503.47,0.23847683382733806,,,,,-2.6770475832846935e-17,,,,,8.449141758494671e-17
CA-2013-104276,,,,447.783,-0.06330678478332848,,,,,-2.6770475832846935e-17,,,,,8.449141758494671e-17
CA-2013-105256,,1363.96,,,0.07119190609123786,,,,,-2.6770475832846935e-17,,,,,8.449141758494671e-17
CA-2013-105662,,,,,-1.6689712624554668e-17,,,,,-2.6770475832846935e-17,,,,270.728,-0.31747322959723157
CA-2013-105753,,,,,-1.6689712624554668e-17,,,,,-2.6770475832846935e-17,,,,61.1,-0.39537040415347996
CA-2013-106558,,,,,-1.6689712624554668e-17,,,,316,-0.15705070015217096,,,,,8.449141758494671e-17
CA-2013-106894,,107.83,,,-0.1132133350011155,,,,,-2.6770475832846935e-17,,,,,8.449141758494671e-17
CA-2013-106950,,,,1854.241,0.1431672478217913,,,,,-2.6770475832846935e-17,,,,,8.449141758494671e-17
CA-2013-108105,,,,323.88,-0.08149627359982507,,,,,-2.6770475832846935e-17,,,,,8.449141758494671e-17
CA-2013-108567,,,,2.694,-0.12864774818087052,,,,,-2.6770475832846935e-17,,,,,8.449141758494671e-17
CA-2013-108616,,,,298.83,-0.08517372043205061,,,,,-2.6770475832846935e-17,,,,,8.449141758494671e-17
CA-2013-109344,,,,,-1.6689712624554668e-17,,,,,-2.6770475832846935e-17,,,1127.976,,0.001077713473325804
CA-2013-109407,,,,,-1.6689712624554668e-17,,,31.36,,-0.22407647370495862,,,,,8.449141758494671e-17
CA-2013-109722,,,1284.8,,0.059570880492875664,,,,,-2.6770475832846935e-17,,,,,8.449141758494671e-17
CA-2013-109743,,,,,-1.6689712624554668e-17,,,,104.712,-0.2068038678110432,,,,,8.449141758494671e-17
CA-2013-109911,,,,,-1.6689712624554668e-17,,,,10.96,-0.22888017585671824,,,,,8.449141758494671e-17
CA-2013-110254,,,,,-1.6689712624554668e-17,,,,,-2.6770475832846935e-17,,,,158.81,-0.3590616432728198
CA-2013-110492,1366.04,,,,0.07149725896193762,,,,,-2.6770475832846935e-17,,,,,8.449141758494671e-17
CA-2013-111409,,,,3,-0.1286028260758541,,,,,-2.6770475832846935e-17,,,,,8.449141758494671e-17
CA-2013-111605,,,,2.61,-0.1286600797391103,,,,,-2.6770475832846935e-17,,,,,8.449141758494671e-17
CA-2013-112102,,,,448.81,-0.06315601680342048,,,,,-2.6770475832846935e-17,,,,,8.449141758494671e-17
CA-2013-112277,,,,,-1.6689712624554668e-17,,,,519.68,-0.10908903082519028,,,,,8.449141758494671e-17
CA-2013-112676,,,,,-1.6689712624554668e-17,14.352,,,,-0.22808144263619037,,,,,8.449141758494671e-17
CA-2013-112697,,,,,-1.6689712624554668e-17,,,1410.066,,0.1005751429050387,,,,,8.449141758494671e-17
CA-2013-113236,,,,,-1.6689712624554668e-17,,,232.624,,-0.17668371341712746,,,,,8.449141758494671e-17
CA-2013-113292,,,871.8,,-0.001059280852798696,,,,,-2.6770475832846935e-17,,,,,8.449141758494671e-17
CA-2013-113733,,,,334.256,-0.07997303254868049,,,,,-2.6770475832846935e-17,,,,,8.449141758494671e-17
CA-2013-113747,,,,185.88,-0.10175526213663635,,,,,-2.6770475832846935e-17,,,,,8.449141758494671e-17
CA-2013-113831,,,,,-1.6689712624554668e-17,,,,4317.3,0.7851578008201772,,,,,8.449141758494671e-17
CA-2013-113845,,,,,-1.6689712624554668e-17,,,,574.056,-0.09628480983479404,,,,,8.449141758494671e-17
CA-2013-114713,,,,,-1.6689712624554668e-17,,,,45.584,-0.2207270688320846,,,,,8.449141758494671e-17
CA-2013-115504,,,,,-1.6689712624554668e-17,,,,12.96,-0.22840922466536925,,,,,8.449141758494671e-17
CA-2013-116232,,,,24.066,-0.12551024743443043,,,,,-2.6770475832846935e-17,,,,,8.449141758494671e-17
CA-2013-116764,,,,,-1.6689712624554668e-17,,,,9.216,-0.22929084529557459,,,,,8.449141758494671e-17
CA-2013-116918,,,36.364,,-0.12370484858641807,,,,,-2.6770475832846935e-17,,,,,8.449141758494671e-17
CA-2013-117604,,,,239.5,-0.09388361746023186,,,,,-2.6770475832846935e-17,,,,,8.449141758494671e-17
CA-2013-118073,,,,,-1.6689712624554668e-17,,,,562.2925,-0.09905482700451095,,,,,8.449141758494671e-17
CA-2013-118178,,,,,-1.6689712624554668e-17,,,,31.086,-0.22414099401817342,,,,,8.449141758494671e-17
CA-2013-118514,,,,866.4,-0.0018520238825000038,,,,,-2.6770475832846935e-17,,,,,8.449141758494671e-17
CA-2013-118626,,,,705.544,-0.02546637069465447,,,,,-2.6770475832846935e-17,,,,,8.449141758494671e-17
CA-2013-118934,,,,,-1.6689712624554668e-17,,,,,-2.6770475832846935e-17,,,,16.218,-0.412048428980476
CA-2013-119074,,,,,-1.6689712624554668e-17,,,,92.7,-0.20963240066628522,,,,,8.449141758494671e-17
CA-2013-119515,15.552,,,,-0.12676013894459282,,,,,-2.6770475832846935e-17,,,,,8.449141758494671e-17
CA-2013-119823,75.88,,,,-0.1179037312601816,,,,,-2.6770475832846935e-17,,,,,8.449141758494671e-17
CA-2013-120873,,,290.98,,-0.08632613391041269,,,,,-2.6770475832846935e-17,,,,,8.449141758494671e-17
CA-2013-121020,,,,,-1.6689712624554668e-17,,,,,-2.6770475832846935e-17,,,,239.976,-0.3289005862096772
CA-2013-121958,,,,52.136,-0.12138945172263121,,,,,-2.6770475832846935e-17,,,,,8.449141758494671e-17
CA-2013-122518,,,,,-1.6689712624554668e-17,,,10.08,,-0.2290873943809118,,,,,8.449141758494671e-17
CA-2013-123176,,,31.83,,-0.12437045912283765,,,,,-2.6770475832846935e-17,,,,,8.449141758494671e-17
CA-2013-123414,,,,,-1.6689712624554668e-17,,,,,-2.6770475832846935e-17,,,,37.264,-0.4042277946391152
CA-2013-123533,,,,,-1.6689712624554668e-17,,,,,-2.6770475832846935e-17,,,,392.832,-0.27209972700208135
CA-2013-123617,,,,,-1.6689712624554668e-17,,,,7.434,-0.22971046280706653,,,,,8.449141758494671e-17
CA-2013-123946,,,,,-1.6689712624554668e-17,,,,1159.06,0.04146935553716694,,,,,8.449141758494671e-17
CA-2013-124254,,,,,-1.6689712624554668e-17,,,,191.808,-0.18629488533017757,,,,,8.449141758494671e-17
CA-2013-124772,191.82,,,,-0.10088324480396493,,,,,-2.6770475832846935e-17,,,,,8.449141758494671e-17
CA-2013-125017,,,,,-1.6689712624554668e-17,,,,132.224,-0.20032546322284658,,,,,8.449141758494671e-17
CA-2013-125843,125.92,,,,-0.11055764585161611,,,,,-2.6770475832846935e-17,,,,,8.449141758494671e-17
CA-2013-127208,,,,,-1.6689712624554668e-17,224.9,,,,-0.17850252691811727,,,,,8.449141758494671e-17
CA-2013-127698,,863.928,,,-0.00221492402498549,,,,,-2.6770475832846935e-17,,,,,8.449141758494671e-17
CA-2013-127985,,,,,-1.6689712624554668e-17,,,,,-2.6770475832846935e-17,,,7.04,,-0.41545894793823573
CA-2013-130001,,,,,-1.6689712624554668e-17,,,,36.24,-0.22292735279806708,,,,,8.449141758494671e-17
CA-2013-130442,34.944,,,,-0.12391331064237657,,,,,-2.6770475832846935e-17,,,,,8.449141758494671e-17
CA-2013-130820,,,,,-1.6689712624554668e-17,,630.024,,,-0.08310571169608404,,,,,8.449141758494671e-17
CA-2013-131065,,,513.52,,-0.0536563128308331,,,,,-2.6770475832846935e-17,,,,,8.449141758494671e-17
CA-2013-131205,,,,291.74,-0.08621456266919547,,,,,-2.6770475832846935e-17,,,,,8.449141758494671e-17
CA-2013-131968,,,,,-1.6689712624554668e-17,,,,,-2.6770475832846935e-17,,,,681.432,-0.1648567796051054
CA-2013-132549,,,,73.36,-0.11827367800737554,,,,,-2.6770475832846935e-17,,,,,8.449141758494671e-17
CA-2013-133123,,,,99.156,-0.11448671519363943,,,,,-2.6770475832846935e-17,,,,,8.449141758494671e-17
CA-2013-133368,,,,405.344,-0.06953701097545699,,,,,-2.6770475832846935e-17,,,,,8.449141758494671e-17
CA-2013-133711,,,,,-1.6689712624554668e-17,3236.41,,,,0.5306345842115745,,,,,8.449141758494671e-17
CA-2013-133872,58.4,,,,-0.12046986980817768,,,,,-2.6770475832846935e-17,,,,,8.449141758494671e-17
CA-2013-134208,,,,396,-0.07090875002536978,,,,,-2.6770475832846935e-17,,,,,8.449141758494671e-17
CA-2013-134474,,,,,-1.6689712624554668e-17,,,255.904,,-0.1712018415498253,,,,,8.449141758494671e-17
CA-2013-134516,,,,,-1.6689712624554668e-17,,,,115.48,-0.20426826659682026,,,,,8.449141758494671e-17
CA-2013-134789,,,,,-1.6689712624554668e-17,,,,,-2.6770475832846935e-17,,,,215.84,-0.3378694558506107
CA-2013-135636,,,,387.72,-0.07212428933757846,,,,,-2.6770475832846935e-17,,,,,8.449141758494671e-17
CA-2013-136126,,,,,-1.6689712624554668e-17,,,,,-2.6770475832846935e-17,,261.1,,,-0.32105096728793875
CA-2013-136231,,,228.586,,-0.09548583920581706,,,,,-2.6770475832846935e-17,,,,,8.449141758494671e-17
CA-2013-136322,,,,,-1.6689712624554668e-17,,,,,-2.6770475832846935e-17,,,,74.32,-0.3904578893766677
CA-2013-136483,,,,4.704,-0.12835267160870392,,,,,-2.6770475832846935e-17,,,,,8.449141758494671e-17
CA-2013-137043,,,859.14,,-0.0029178228446539874,,,,,-2.6770475832846935e-17,,,,,8.449141758494671e-17
CA-2013-137736,,,,41.86,-0.12289801234729984,,,,,-2.6770475832846935e-17,,,,,8.449141758494671e-17
CA-2013-138695,,,,,-1.6689712624554668e-17,,,,452.464,-0.124916758464047,,,,,8.449141758494671e-17
CA-2013-139269,,,,,-1.6689712624554668e-17,,,,,-2.6770475832846935e-17,,,,1311.97,0.06944936580651771
CA-2013-139381,,,,233.48,-0.09476737913408406,,,,,-2.6770475832846935e-17,,,,,8.449141758494671e-17
CA-2013-139689,,,,,-1.6689712624554668e-17,,,,40.896,-0.22183097842460664,,,,,8.449141758494671e-17
CA-2013-140543,,,191.88,,-0.10087443654807934,,,,,-2.6770475832846935e-17,,,,,8.449141758494671e-17
CA-2013-140571,,,,,-1.6689712624554668e-17,,,,,-2.6770475832846935e-17,,,,365.44,-0.28227851707518586
CA-2013-140641,,,,38.19,-0.12343678399896721,,,,,-2.6770475832846935e-17,,,,,8.449141758494671e-17
CA-2013-140928,,,,,-1.6689712624554668e-17,,,,383.438,-0.14117069693107454,,,,,8.449141758494671e-17
CA-2013-140977,,,,,-1.6689712624554668e-17,,,,,-2.6770475832846935e-17,,,91.475,,-0.3840831396795259
CA-2013-141180,,,7.764,,-0.12790345055853983,,,,,-2.6770475832846935e-17,,,,,8.449141758494671e-17
CA-2013-142097,,,,,-1.6689712624554668e-17,,,,342.76,-0.15074937321192156,,,,,8.449141758494671e-17
CA-2013-142370,,,,254.99,-0.09160961939910717,,,,,-2.6770475832846935e-17,,,,,8.449141758494671e-17
CA-2013-142895,,,,370.184,-0.07469864892440109,,,,,-2.6770475832846935e-17,,,,,8.449141758494671e-17
CA-2013-143308,,10.74,,,-0.12746656106661555,,,,,-2.6770475832846935e-17,,,,,8.449141758494671e-17
CA-2013-143805,,,,,-1.6689712624554668e-17,,,2145.25,,0.273693033235395,,,,,8.449141758494671e-17
CA-2013-144344,,314.393,,,-0.08288900565959846,,,,,-2.6770475832846935e-17,,,,,8.449141758494671e-17
CA-2013-145247,79.14,,,,-0.11742514935706562,,,,,-2.6770475832846935e-17,,,,,8.449141758494671e-17
CA-2013-145499,3.282,,,,-0.12856142727319192,,,,,-2.6770475832846935e-17,,,,,8.449141758494671e-17
CA-2013-145709,,,,,-1.6689712624554668e-17,,,,64.248,-0.21633215231441588,,,,,8.449141758494671e-17
CA-2013-145905,,,,1264.14,0.05653790438294437,,,,,-2.6770475832846935e-17,,,,,8.449141758494671e-17
CA-2013-146143,,,,133.38,-0.10946248603651022,,,,,-2.6770475832846935e-17,,,,,8.449141758494671e-17
CA-2013-146150,,,,264.18,-0.09026048820596734,,,,,-2.6770475832846935e-17,,,,,8.449141758494671e-17
CA-2013-146171,,,,,-1.6689712624554668e-17,,,,,-2.6770475832846935e-17,,,,558.24,-0.21063457993680415
CA-2013-147368,695.7,,,,-0.026911511876947,,,,,-2.6770475832846935e-17,,,,,8.449141758494671e-17
CA-2013-148684,,,,870.04,-0.0013176563587754182,,,,,-2.6770475832846935e-17,,,,,8.449141758494671e-17
CA-2013-149111,,,,,-1.6689712624554668e-17,,,,,-2.6770475832846935e-17,,,55.416,,-0.3974825625491986
CA-2013-149454,,,,,-1.6689712624554668e-17,,,,,-2.6770475832846935e-17,10.44,,,,-0.4141955175115215
CA-2013-149783,,,131.104,,-0.10979661254310284,,,,,-2.6770475832846935e-17,,,,,8.449141758494671e-17
CA-2013-149979,,,487.22,,-0.057517264994008,,,,,-2.6770475832846935e-17,,,,,8.449141758494671e-17
CA-2013-150000,,,,17.92,-0.12641250644564234,,,,,-2.6770475832846935e-17,,,,,8.449141758494671e-17
CA-2013-151155,,,,,-1.6689712624554668e-17,,,,,-2.6770475832846935e-17,,,,34.34,-0.40531434480608936
CA-2013-152156,,,993.9,,0.016865519874336512,,,,,-2.6770475832846935e-17,,,,,8.449141758494671e-17
CA-2013-152163,,85.5,,,-0.11649147423319518,,,,,-2.6770475832846935e-17,,,,,8.449141758494671e-17
CA-2013-152471,,839.944,,,-0.0057358775109773935,,,,,-2.6770475832846935e-17,,,,,8.449141758494671e-17
CA-2013-153318,,,,,-1.6689712624554668e-17,783.96,,,,-0.046857540400335296,,,,,8.449141758494671e-17
CA-2013-154060,,,,187.056,-0.10158262032127918,,,,,-2.6770475832846935e-17,,,,,8.449141758494671e-17
CA-2013-154403,,,,,-1.6689712624554668e-17,,,,,-2.6770475832846935e-17,,,,4.98,-0.4162244381379508
CA-2013-154690,,,225.296,,-0.09596882523687582,,,,,-2.6770475832846935e-17,,,,,8.449141758494671e-17
CA-2013-155138,,,,99.872,-0.11438160334007162,,,,,-2.6770475832846935e-17,,,,,8.449141758494671e-17
CA-2013-155439,,,,,-1.6689712624554668e-17,,,,,-2.6770475832846935e-17,,,,25.92,-0.4084431930981286
CA-2013-155670,,,21.504,,-0.12588635996074427,,,,,-2.6770475832846935e-17,,,,,8.449141758494671e-17
CA-2013-156503,,,,305.248,-0.0842315306608241,,,,,-2.6770475832846935e-17,,,,,8.449141758494671e-17
CA-2013-156573,,,,60.485,-0.12016378291615412,,,,,-2.6770475832846935e-17,,,,,8.449141758494671e-17
CA-2013-157161,,,,,-1.6689712624554668e-17,,,199.18,,-0.1845589592388652,,,,,8.449141758494671e-17
CA-2013-157245,,,,641.96,-0.034800773065122644,,,,,-2.6770475832846935e-17,,,,,8.449141758494671e-17
CA-2013-157280,1120.73,,,,0.03548470477378417,,,,,-2.6770475832846935e-17,,,,,8.449141758494671e-17
CA-2013-157364,18.48,,,,-0.126330296057377,,,,,-2.6770475832846935e-17,,,,,8.449141758494671e-17
CA-2013-157588,,,,88.15,-0.1161024429315825,,,,,-2.6770475832846935e-17,,,,,8.449141758494671e-17
CA-2013-157763,,,,,-1.6689712624554668e-17,,,,140.81,-0.19830366975838537,,,,,8.449141758494671e-17
CA-2013-158841,,,8805.04,,1.1635741845078738,,,,,-2.6770475832846935e-17,,,,,8.449141758494671e-17
CA-2013-159142,,,,,-1.6689712624554668e-17,,,,,-2.6770475832846935e-17,177.78,,,,-0.3520124446861232
CA-2013-159212,,,,,-1.6689712624554668e-17,,,,,-2.6770475832846935e-17,,,,273.59,-0.3164097184556857
CA-2013-159653,,14.73,,,-0.12688081205022514,,,,,-2.6770475832846935e-17,,,,,8.449141758494671e-17
CA-2013-159765,,,27.86,,-0.12495327205393288,,,,,-2.6770475832846935e-17,,,,,8.449141758494671e-17
CA-2013-159891,,,,,-1.6689712624554668e-17,,,,,-2.6770475832846935e-17,,,,1396.35,0.10080473622008951
CA-2013-159989,,,,40.68,-0.12307124137971608,,,,,-2.6770475832846935e-17,,,,,8.449141758494671e-17
CA-2013-160234,,,,135.95,-0.10908519907607829,,,,,-2.6770475832846935e-17,,,,,8.449141758494671e-17
CA-2013-160486,,,,72.224,-0.11844044765214232,,,,,-2.6770475832846935e-17,,,,,8.449141758494671e-17
CA-2013-160598,,,,,-1.6689712624554668e-17,31.008,,,,-0.22415936111463602,,,,,8.449141758494671e-17
CA-2013-162159,,,,,-1.6689712624554668e-17,,,,,-2.6770475832846935e-17,121.78,,,,-0.37282188700847474
CA-2013-162236,,,,,-1.6689712624554668e-17,,,1106.924,,0.02919259988108159,,,,,8.449141758494671e-17
CA-2013-162355,,,1302.83,,0.06221776138648948,,,,,-2.6770475832846935e-17,,,,,8.449141758494671e-17
CA-2013-162747,,,,,-1.6689712624554668e-17,,,86.45,,-0.21110412313925078,,,,,8.449141758494671e-17
CA-2013-162901,,,,,-1.6689712624554668e-17,31.4,,,,-0.22406705468113164,,,,,8.449141758494671e-17
CA-2013-163167,,,,,-1.6689712624554668e-17,,,2673.69,,0.398127757013624,,,,,8.449141758494671e-17
CA-2013-163174,,,,186.54,-0.10165837132189509,,,,,-2.6770475832846935e-17,,,,,8.449141758494671e-17
CA-2013-163776,,,,1110.5,0.03398289714529446,,,,,-2.6770475832846935e-17,,,,,8.449141758494671e-17
CA-2013-164350,,,,,-1.6689712624554668e-17,,,,,-2.6770475832846935e-17,,,67.56,,-0.39296988634272295
CA-2013-164574,,,,732.156,-0.021559615600874608,,,,,-2.6770475832846935e-17,,,,,8.449141758494671e-17
CA-2013-164735,,,81.2,,-0.11712273257166103,,,,,-2.6770475832846935e-17,,,,,8.449141758494671e-17
CA-2013-164784,377.346,,,,-0.07364723678019354,,,,,-2.6770475832846935e-17,,,,,8.449141758494671e-17
CA-2013-165316,,,,,-1.6689712624554668e-17,,,,324.387,-0.155075766331249,,,,,8.449141758494671e-17
CA-2013-165470,,,,,-1.6689712624554668e-17,,,,,-2.6770475832846935e-17,,,,5.08,-0.4161872784195181
CA-2013-165827,,,,,-1.6689712624554668e-17,,,,50.496,-0.2195704127061315,,,,,8.449141758494671e-17
CA-2013-166282,,,,158.256,-0.10581058314635285,,,,,-2.6770475832846935e-17,,,,,8.449141758494671e-17
CA-2013-166380,,,,,-1.6689712624554668e-17,,,,138.53,-0.1988405541165232,,,,,8.449141758494671e-17
CA-2013-166485,,,,16.496,-0.12662155571865985,,,,,-2.6770475832846935e-17,,,,,8.449141758494671e-17
CA-2013-168536,,,,66.3,-0.11931011611657763,,,,,-2.6770475832846935e-17,,,,,8.449141758494671e-17
CA-2013-168753,,,1002.7,,0.018157397404220142,,,,,-2.6770475832846935e-17,,,,,8.449141758494671e-17
CA-2013-168893,,,903.77,,0.00363405149156259,,,,,-2.6770475832846935e-17,,,,,8.449141758494671e-17
CA-2013-169026,,,,,-1.6689712624554668e-17,,,,,-2.6770475832846935e-17,,,,23.34,-0.4094019138336941
CA-2013-169103,,,,1466.32,0.08621879063202048,,,,,-2.6770475832846935e-17,,,,,8.449141758494671e-17
CA-2013-169334,,,111.672,,-0.11264931301590948,,,,,-2.6770475832846935e-17,,,,,8.449141758494671e-17
CA-2014-100412,,,,,-1.6689712624554668e-17,,,,,-2.6770475832846935e-17,,,,141.96,-0.36532305582874164
CA-2014-100426,,,,12.48,-0.127211121645934,,,,,-2.6770475832846935e-17,,,,,8.449141758494671e-17
CA-2014-100622,,,,1030.742,0.022274082596606085,,,,,-2.6770475832846935e-17,,,,,8.449141758494671e-17
CA-2014-100902,,,,699.4,-0.026368336097336853,,,,,-2.6770475832846935e-17,,,,,8.449141758494671e-17
CA-2014-101042,,,,843.84,-0.005163928095474363,,,,,-2.6770475832846935e-17,,,,,8.449141758494671e-17
CA-2014-101210,,,13.152,,-0.12711246918001562,,,,,-2.6770475832846935e-17,,,,,8.449141758494671e-17
CA-2014-101273,,,14.336,,-0.12693865293054038,,,,,-2.6770475832846935e-17,,,,,8.449141758494671e-17
CA-2014-101483,,,61.216,,-0.12005646899861493,,,,,-2.6770475832846935e-17,,,,,8.449141758494671e-17
CA-2014-102204,,,,3740.51,0.42007958150543256,,,,,-2.6770475832846935e-17,,,,,8.449141758494671e-17
CA-2014-102309,,,212.91,,-0.09778714286018703,,,,,-2.6770475832846935e-17,,,,,8.449141758494671e-17
CA-2014-102554,,,,,-1.6689712624554668e-17,,,,,-2.6770475832846935e-17,,,,3.76,-0.4166777867028306
CA-2014-102610,,,,248.396,-0.09257764672093133,,,,,-2.6770475832846935e-17,,,,,8.449141758494671e-17
CA-2014-102736,,,,177.08,-0.10304713966651997,,,,,-2.6770475832846935e-17,,,,,8.449141758494671e-17
CA-2014-103009,,,,,-1.6689712624554668e-17,,,26.4,,-0.22524443265950408,,,,,8.449141758494671e-17
CA-2014-103065,,59.824,,,-0.12026082053516016,,,,,-2.6770475832846935e-17,,,,,8.449141758494671e-17
CA-2014-103212,1541.51,,,,0.09725700329928745,,,,,-2.6770475832846935e-17,,,,,8.449141758494671e-17
CA-2014-103499,,,,209.568,-0.09827776271301328,,,,,-2.6770475832846935e-17,,,,,8.449141758494671e-17
CA-2014-104318,,,,,-1.6689712624554668e-17,,,,20.768,-0.22657063121434282,,,,,8.449141758494671e-17
CA-2014-104731,,,,951.98,0.01071148509561819,,,,,-2.6770475832846935e-17,,,,,8.449141758494671e-17
CA-2014-104864,,,,,-1.6689712624554668e-17,,,552.856,,-0.1012768924630933,,,,,8.449141758494671e-17
CA-2014-105620,141,,,,-0.10834383753904281,,,,,-2.6770475832846935e-17,,,,,8.449141758494671e-17
CA-2014-106537,,,,20.736,-0.12599910563607958,,,,,-2.6770475832846935e-17,,,,,8.449141758494671e-17
CA-2014-107167,,,,,-1.6689712624554668e-17,,,,1347.52,0.08584708629798186,,,,,8.449141758494671e-17
CA-2014-107209,,,194.848,,-0.10043872149027315,,,,,-2.6770475832846935e-17,,,,,8.449141758494671e-17
CA-2014-107461,,,23.88,,-0.1255375530276757,,,,,-2.6770475832846935e-17,,,,,8.449141758494671e-17
CA-2014-108035,,,,491.888,-0.05683198268611065,,,,,-2.6770475832846935e-17,,,,,8.449141758494671e-17
CA-2014-108112,,,,559.2,-0.046950294016619036,,,,,-2.6770475832846935e-17,,,,,8.449141758494671e-17
CA-2014-108287,12.672,,,,-0.1271829352271002,,,,,-2.6770475832846935e-17,,,,,8.449141758494671e-17
CA-2014-108322,,,,,-1.6689712624554668e-17,,,,26.056,-0.22532543626441612,,,,,8.449141758494671e-17
CA-2014-109183,,,,649,-0.033767271041215755,,,,,-2.6770475832846935e-17,,,,,8.449141758494671e-17
CA-2014-109589,71,,,,-0.11862013607220796,,,,,-2.6770475832846935e-17,,,,,8.449141758494671e-17
CA-2014-110198,318.96,,,,-0.08221855058244182,,,,,-2.6770475832846935e-17,,,,,8.449141758494671e-17
CA-2014-110212,,,,,-1.6689712624554668e-17,,,,,-2.6770475832846935e-17,,,,48.9,-0.3999038898022779
CA-2014-110310,,,,,-1.6689712624554668e-17,,,,68.967,-0.21522094297842795,,,,,8.449141758494671e-17
CA-2014-110926,,,,25.06,-0.12536432399525949,,,,,-2.6770475832846935e-17,,,,,8.449141758494671e-17
CA-2014-112774,34.504,,,,-0.12397790451887075,,,,,-2.6770475832846935e-17,,,,,8.449141758494671e-17
CA-2014-113481,,,,,-1.6689712624554668e-17,740.214,,,,-0.057158655808711656,,,,,8.449141758494671e-17
CA-2014-113558,,,,,-1.6689712624554668e-17,,,,,-2.6770475832846935e-17,,,,729.648,-0.1469398497655607
CA-2014-113705,,,874.8,,-0.0006188680585201896,,,,,-2.6770475832846935e-17,,,,,8.449141758494671e-17
CA-2014-114055,,,,,-1.6689712624554668e-17,,,,,-2.6770475832846935e-17,,,819.28,,-0.11363285093989979
CA-2014-114412,,,,15.552,-0.12676013894459282,,,,,-2.6770475832846935e-17,,,,,8.449141758494671e-17
CA-2014-114636,,,,192.16,-0.10083333135394669,,,,,-2.6770475832846935e-17,,,,,8.449141758494671e-17
CA-2014-115070,,,,,-1.6689712624554668e-17,,,16.739,,-0.22751936238931536,,,,,8.449141758494671e-17
CA-2014-115448,88.92,,,,-0.11598940364771769,,,,,-2.6770475832846935e-17,,,,,8.449141758494671e-17
CA-2014-115882,,,,,-1.6689712624554668e-17,1017.136,,,,0.008049717096660225,,,,,8.449141758494671e-17
CA-2014-116113,,,,,-1.6689712624554668e-17,,,10.16,,-0.22906855633325787,,,,,8.449141758494671e-17
CA-2014-116855,,,,504.9,-0.05492176559306001,,,,,-2.6770475832846935e-17,,,,,8.449141758494671e-17
CA-2014-116939,,,,177.55,-0.10297814166208302,,,,,-2.6770475832846935e-17,,,,,8.449141758494671e-17
CA-2014-117079,,,,863.88,-0.0022219706296939465,,,,,-2.6770475832846935e-17,,,,,8.449141758494671e-17
CA-2014-117198,,,,659.9,-0.03216710455533719,,,,,-2.6770475832846935e-17,,,,,8.449141758494671e-17
CA-2014-117695,,,,,-1.6689712624554668e-17,13.76,,,,-0.22822084418882968,,,,,8.449141758494671e-17
CA-2014-118402,,,,243.92,-0.09323474260999487,,,,,-2.6770475832846935e-17,,,,,8.449141758494671e-17
CA-2014-119004,,,,105.408,-0.11356889493036301,,,,,-2.6770475832846935e-17,,,,,8.449141758494671e-17
CA-2014-119284,,,,,-1.6689712624554668e-17,,,,2942.784,0.46149282695605603,,,,,8.449141758494671e-17
CA-2014-119305,,,,173.8,-0.10352865765493115,,,,,-2.6770475832846935e-17,,,,,8.449141758494671e-17
CA-2014-119669,,,,5.67,-0.12821085868894624,,,,,-2.6770475832846935e-17,,,,,8.449141758494671e-17
CA-2014-120705,,,,,-1.6689712624554668e-17,,,,,-2.6770475832846935e-17,,,,147.184,-0.3633818321378137
CA-2014-120894,,,,28.08,-0.12492097511568578,,,,,-2.6770475832846935e-17,,,,,8.449141758494671e-17
CA-2014-121314,251.64,,,,-0.0921014136860515,,,,,-2.6770475832846935e-17,,,,,8.449141758494671e-17
CA-2014-121419,,,,,-1.6689712624554668e-17,,,,,-2.6770475832846935e-17,771.8,,,,-0.13127628525177928
CA-2014-121804,,,,72.8,-0.11835588839564086,,,,,-2.6770475832846935e-17,,,,,8.449141758494671e-17
CA-2014-121818,52.696,,,,-0.12130724133436588,,,,,-2.6770475832846935e-17,,,,,8.449141758494671e-17
CA-2014-122056,,,,181.86,-0.10234541528096956,,,,,-2.6770475832846935e-17,,,,,8.449141758494671e-17
CA-2014-122154,284.19,,,,-0.0873229348681297,,,,,-2.6770475832846935e-17,,,,,8.449141758494671e-17
CA-2014-122693,,,,,-1.6689712624554668e-17,,,1245.86,,0.06190863724171291,,,,,8.449141758494671e-17
CA-2014-122707,,,,,-1.6689712624554668e-17,503.22,,,,-0.11296495912999241,,,,,8.449141758494671e-17
CA-2014-122987,,80.564,,,-0.11721610008404809,,,,,-2.6770475832846935e-17,,,,,8.449141758494671e-17
CA-2014-122994,359.97,,,,-0.07619810768465464,,,,,-2.6770475832846935e-17,,,,,8.449141758494671e-17
CA-2014-123239,,,91.032,,-0.11567935304054561,,,,,-2.6770475832846935e-17,,,,,8.449141758494671e-17
CA-2014-123351,,,,80.48,-0.11722843164228788,,,,,-2.6770475832846935e-17,,,,,8.449141758494671e-17
CA-2014-123687,,,,,-1.6689712624554668e-17,234.2,,,,-0.17631260387834446,,,,,8.449141758494671e-17
CA-2014-124296,,,,712.85,-0.024393818736321543,,,,,-2.6770475832846935e-17,,,,,8.449141758494671e-17
CA-2014-124597,,,,,-1.6689712624554668e-17,,,,,-2.6770475832846935e-17,,,,32.088,-0.40615118166519537
CA-2014-124765,,,,723.92,-0.022768695525433865,,,,,-2.6770475832846935e-17,,,,,8.449141758494671e-17
CA-2014-124828,,,,,-1.6689712624554668e-17,9.552,,,,-0.22921172549542795,,,,,8.449141758494671e-17
CA-2014-124898,,,,,-1.6689712624554668e-17,,,,,-2.6770475832846935e-17,,,,184.66,-0.3494558560579486
CA-2014-125472,253.86,,,,-0.09177550821828541,,,,,-2.6770475832846935e-17,,,,,8.449141758494671e-17
CA-2014-125745,,,,,-1.6689712624554668e-17,,,,19.52,-0.2268645047577446,,,,,8.449141758494671e-17
CA-2014-125752,,,,,-1.6689712624554668e-17,,,,,-2.6770475832846935e-17,,,,41.424,-0.4026819503523119
CA-2014-126046,,,,,-1.6689712624554668e-17,,,,12.39,-0.22854344575490373,,,,,8.449141758494671e-17
CA-2014-126354,,,,119.178,-0.11154740020462467,,,,,-2.6770475832846935e-17,,,,,8.449141758494671e-17
CA-2014-126382,,,,,-1.6689712624554668e-17,,,,35.168,-0.22317978263663013,,,,,8.449141758494671e-17
CA-2014-126774,4.89,,,,-0.12832536601545866,,,,,-2.6770475832846935e-17,,,,,8.449141758494671e-17
CA-2014-126914,,,,776.08,-0.015111385075578222,,,,,-2.6770475832846935e-17,,,,,8.449141758494671e-17
CA-2014-127306,,,,175.086,-0.10333986737045042,,,,,-2.6770475832846935e-17,,,,,8.449141758494671e-17
CA-2014-127516,,,,,-1.6689712624554668e-17,,,,,-2.6770475832846935e-17,,,,64.784,-0.39400144012641664
CA-2014-127726,,,209.88,,-0.09823195978240831,,,,,-2.6770475832846935e-17,,,,,8.449141758494671e-17
CA-2014-127803,,,,,-1.6689712624554668e-17,,,,26.16,-0.22530094680246598,,,,,8.449141758494671e-17
CA-2014-128300,,,,,-1.6689712624554668e-17,,,406.94,,-0.1356365494815326,,,,,8.449141758494671e-17
CA-2014-128363,,,,2382.926,0.22078046053616865,,,,,-2.6770475832846935e-17,,,,,8.449141758494671e-17
CA-2014-128475,,,,,-1.6689712624554668e-17,,,,,-2.6770475832846935e-17,,,,71.98,-0.3913274267879945
CA-2014-128629,,,18.84,,-0.12627744652206357,,,,,-2.6770475832846935e-17,,,,,8.449141758494671e-17
CA-2014-128699,,,47.992,,-0.1219978085957946,,,,,-2.6770475832846935e-17,,,,,8.449141758494671e-17
CA-2014-128755,,,,629.86,-0.03657710466871262,,,,,-2.6770475832846935e-17,,,,,8.449141758494671e-17
CA-2014-128769,,,,,-1.6689712624554668e-17,,,,81.568,-0.21225371499733367,,,,,8.449141758494671e-17
CA-2014-129021,,,4590.344,,0.5448388370430592,,,,,-2.6770475832846935e-17,,,,,8.449141758494671e-17
CA-2014-129028,,,,,-1.6689712624554668e-17,127.95,,,,-0.20133188591875933,,,,,8.449141758494671e-17
CA-2014-129462,,,740.59,,-0.020321468431892954,,,,,-2.6770475832846935e-17,,,,,8.449141758494671e-17
CA-2014-129490,,,,,-1.6689712624554668e-17,,,,,-2.6770475832846935e-17,,,,419.136,-0.2623252346655254
CA-2014-129910,,,,,-1.6689712624554668e-17,,,,,-2.6770475832846935e-17,,,,59.76,-0.3958683443804791
CA-2014-130309,,,,544.38,-0.04912593322035486,,,,,-2.6770475832846935e-17,,,,,8.449141758494671e-17
CA-2014-130834,,,16.272,,-0.126654439873966,,,,,-2.6770475832846935e-17,,,,,8.449141758494671e-17
CA-2014-130904,,,,22.744,-0.1257043226724425,,,,,-2.6770475832846935e-17,,,,,8.449141758494671e-17
CA-2014-132185,,,,52.344,-0.12135891643556122,,,,,-2.6770475832846935e-17,,,,,8.449141758494671e-17
CA-2014-132213,,,,,-1.6689712624554668e-17,,,,,-2.6770475832846935e-17,109.968,,,,-0.37721119294975364
CA-2014-133095,,,,,-1.6689712624554668e-17,,,,,-2.6770475832846935e-17,,117.62,,,-0.374367731295278
CA-2014-133235,271.96,,,,-0.08911835102613841,,,,,-2.6770475832846935e-17,,,,,8.449141758494671e-17
CA-2014-133263,,,,,-1.6689712624554668e-17,,,3098.61,,0.4981860471276296,,,,,8.449141758494671e-17
CA-2014-133501,,,,5.184,-0.12828220556161934,,,,,-2.6770475832846935e-17,,,,,8.449141758494671e-17
CA-2014-133641,,,,48.69,-0.12189533921899244,,,,,-2.6770475832846935e-17,,,,,8.449141758494671e-17
CA-2014-133928,,,,4.572,-0.12837204977165217,,,,,-2.6770475832846935e-17,,,,,8.449141758494671e-17
CA-2014-134096,,,,,-1.6689712624554668e-17,,,,,-2.6770475832846935e-17,,,,399.53,-0.26961076906145437
CA-2014-134495,,,,,-1.6689712624554668e-17,,,269.4,,-0.16802386291060234,,,,,8.449141758494671e-17
CA-2014-134649,,,,,-1.6689712624554668e-17,,,22.63,,-0.22613217565519694,,,,,8.449141758494671e-17
CA-2014-134810,,,,,-1.6689712624554668e-17,272.232,,,,-0.16735699602365217,,,,,8.449141758494671e-17
CA-2014-135587,,,,372.64,-0.07433809765015176,,,,,-2.6770475832846935e-17,,,,,8.449141758494671e-17
CA-2014-136826,,,,,-1.6689712624554668e-17,,,,14.016,-0.22816056243633703,,,,,8.449141758494671e-17
CA-2014-137631,,,,751.984,-0.018648780639223185,,,,,-2.6770475832846935e-17,,,,,8.449141758494671e-17
CA-2014-138779,29.664,,,,-0.12468843716030674,,,,,-2.6770475832846935e-17,,,,,8.449141758494671e-17
CA-2014-138975,,,,2361.52,0.21763796844472674,,,,,-2.6770475832846935e-17,,,,,8.449141758494671e-17
CA-2014-139353,,,273.088,,-0.08895275581548971,,,,,-2.6770475832846935e-17,,,,,8.449141758494671e-17
CA-2014-139493,,,,15.92,-0.12670611497516135,,,,,-2.6770475832846935e-17,,,,,8.449141758494671e-17
CA-2014-139619,,,,,-1.6689712624554668e-17,,,,95.616,-0.2089457538292984,,,,,8.449141758494671e-17
CA-2014-139787,,,,,-1.6689712624554668e-17,,,,,-2.6770475832846935e-17,,,,35.4,-0.40492045179070196
CA-2014-139948,,,,7.904,-0.1278828979614735,,,,,-2.6770475832846935e-17,,,,,8.449141758494671e-17
CA-2014-140088,,,301.96,,-0.08471422308335336,,,,,-2.6770475832846935e-17,,,,,8.449141758494671e-17
CA-2014-140627,,,,303.32,-0.08451456928328044,,,,,-2.6770475832846935e-17,,,,,8.449141758494671e-17
CA-2014-140872,,,,1111.698,0.034158768654476354,,,,,-2.6770475832846935e-17,,,,,8.449141758494671e-17
CA-2014-141446,,,,,-1.6689712624554668e-17,,,,,-2.6770475832846935e-17,,,18,,-0.41138624279800406
CA-2014-141614,,,,,-1.6689712624554668e-17,,,,20.736,-0.22657816643340442,,,,,8.449141758494671e-17
CA-2014-142090,,,,2165.658,0.18888459154040116,,,,,-2.6770475832846935e-17,,,,,8.449141758494671e-17
CA-2014-142671,,,,,-1.6689712624554668e-17,,,,,-2.6770475832846935e-17,,,11.52,,-0.4137941925524476
CA-2014-143567,,,,,-1.6689712624554668e-17,,,3291.07,,0.5435056802711425,,,,,8.449141758494671e-17
CA-2014-143756,701.96,,,,-0.02599251717955252,,,,,-2.6770475832846935e-17,,,,,8.449141758494671e-17
CA-2014-143861,,,,17.088,-0.12653464759392224,,,,,-2.6770475832846935e-17,,,,,8.449141758494671e-17
CA-2014-144365,,,,11.68,-0.12732856505774162,,,,,-2.6770475832846935e-17,,,,,8.449141758494671e-17
CA-2014-144456,,,,,-1.6689712624554668e-17,,,,,-2.6770475832846935e-17,220.056,,,,-0.33630280212148506
CA-2014-144498,,817.829,,,-0.008982453826133784,,,,,-2.6770475832846935e-17,,,,,8.449141758494671e-17
CA-2014-144694,,,253.824,,-0.09178079317181674,,,,,-2.6770475832846935e-17,,,,,8.449141758494671e-17
CA-2014-145275,,,,14.94,-0.12684998315462565,,,,,-2.6770475832846935e-17,,,,,8.449141758494671e-17
CA-2014-145310,,,7.824,,-0.12789464230265427,,,,,-2.6770475832846935e-17,,,,,8.449141758494671e-17
CA-2014-145702,,,,,-1.6689712624554668e-17,,,342.24,,-0.15087182052167228,,,,,8.449141758494671e-17
CA-2014-145737,,,,163.96,-0.10497321162016464,,,,,-2.6770475832846935e-17,,,,,8.449141758494671e-17
CA-2014-146136,,,,24.448,-0.12545416820529232,,,,,-2.6770475832846935e-17,,,,,8.449141758494671e-17
CA-2014-146192,,,,675.06,-0.02994155190158314,,,,,-2.6770475832846935e-17,,,,,8.449141758494671e-17
CA-2014-146458,,,22.96,,-0.12567261295125443,,,,,-2.6770475832846935e-17,,,,,8.449141758494671e-17
CA-2014-146535,,,,,-1.6689712624554668e-17,,,,,-2.6770475832846935e-17,,,,1446.84,0.11956667805679538
CA-2014-146983,,,,1577.94,0.10260508266447613,,,,,-2.6770475832846935e-17,,,,,8.449141758494671e-17
CA-2014-147228,,,,458.984,-0.06166243021375731,,,,,-2.6770475832846935e-17,,,,,8.449141758494671e-17
CA-2014-147333,,,,,-1.6689712624554668e-17,,,,204.55,-0.1832944552900932,,,,,8.449141758494671e-17
CA-2014-147361,,,,,-1.6689712624554668e-17,,,,685.26,-0.07009898169340775,,,,,8.449141758494671e-17
CA-2014-147760,,,,,-1.6689712624554668e-17,1883.724,,,,0.21211004260102762,,,,,8.449141758494671e-17
CA-2014-148166,,,,,-1.6689712624554668e-17,,,,,-2.6770475832846935e-17,,,,17.856,-0.41143975279254724
CA-2014-148404,,,,,-1.6689712624554668e-17,,,,,-2.6770475832846935e-17,,,,1027.21,-0.03636664840263985
CA-2014-148474,,,,,-1.6689712624554668e-17,,,,,-2.6770475832846935e-17,,,,544.14,-0.21587410023582482
CA-2014-148810,,,,,-1.6689712624554668e-17,,,,287.424,-0.1637796507741653,,,,,8.449141758494671e-17
CA-2014-148922,,,,,-1.6689712624554668e-17,,,,,-2.6770475832846935e-17,,,684.78,,-0.16361267223197626
CA-2014-148999,,,,419.136,-0.06751228655589393,,,,,-2.6770475832846935e-17,,,,,8.449141758494671e-17
CA-2014-149146,,,,,-1.6689712624554668e-17,,,,,-2.6770475832846935e-17,,7.968,,,-0.4151141057511796
CA-2014-149853,,,,33.472,-0.12412940652010256,,,,,-2.6770475832846935e-17,,,,,8.449141758494671e-17
CA-2014-150910,,,,1090.348,0.031024497601860965,,,,,-2.6770475832846935e-17,,,,,8.449141758494671e-17
CA-2014-150931,,,,,-1.6689712624554668e-17,,,,,-2.6770475832846935e-17,,,,33.74,-0.40553730311668595
CA-2014-151211,,,,,-1.6689712624554668e-17,,,,,-2.6770475832846935e-17,,,,201.09,-0.34335051431944436
CA-2014-151218,4.464,,,,-0.12838790463224617,,,,,-2.6770475832846935e-17,,,,,8.449141758494671e-17
CA-2014-151855,,,,,-1.6689712624554668e-17,,,,39.252,-0.22221810030389552,,,,,8.449141758494671e-17
CA-2014-152786,,,,40.41,-0.12311087853120113,,,,,-2.6770475832846935e-17,,,,,8.449141758494671e-17
CA-2014-152968,,,,23.08,-0.1256549964394833,,,,,-2.6770475832846935e-17,,,,,8.449141758494671e-17
CA-2014-153339,,,,,-1.6689712624554668e-17,,,15.992,,-0.22769526265928422,,,,,8.449141758494671e-17
CA-2014-153654,,,,,-1.6689712624554668e-17,,,19.008,,-0.22698506826272993,,,,,8.449141758494671e-17
CA-2014-154088,,,,26.72,-0.1251206289157587,,,,,-2.6770475832846935e-17,,,,,8.449141758494671e-17
CA-2014-154123,,,,,-1.6689712624554668e-17,,,,,-2.6770475832846935e-17,,,,27.58,-0.40782634177214466
CA-2014-154816,,,,,-1.6689712624554668e-17,,,,5.78,-0.23009993944231213,,,,,8.449141758494671e-17
CA-2014-155089,,,,,-1.6689712624554668e-17,,,,,-2.6770475832846935e-17,,,,45.66,-0.40110786467949966
CA-2014-155159,,,48.87,,-0.12186891445133574,,,,,-2.6770475832846935e-17,,,,,8.449141758494671e-17
CA-2014-155292,,,,,-1.6689712624554668e-17,,,,,-2.6770475832846935e-17,204.98,,,,-0.3419050012724096
CA-2014-155698,,,,,-1.6689712624554668e-17,668.54,,,,-0.07403613365308527,,,,,8.449141758494671e-17
CA-2014-155705,,,866.4,,-0.0018520238825000038,,,,,-2.6770475832846935e-17,,,,,8.449141758494671e-17
CA-2014-155824,,,,,-1.6689712624554668e-17,,,,61.876,-0.21689070042735578,,,,,8.449141758494671e-17
CA-2014-156272,,,,,-1.6689712624554668e-17,,,,64.384,-0.21630012763340414,,,,,8.449141758494671e-17
CA-2014-156769,54.66,,,,-0.12101891775837822,,,,,-2.6770475832846935e-17,,,,,8.449141758494671e-17
CA-2014-157854,,,,,-1.6689712624554668e-17,,,,2747.25,0.4154493418314397,,,,,8.449141758494671e-17
CA-2014-157931,,,,,-1.6689712624554668e-17,,,,,-2.6770475832846935e-17,,,830.24,,-0.10956014579966812
CA-2014-158386,,,,124.75,-0.11072940684138473,,,,,-2.6770475832846935e-17,,,,,8.449141758494671e-17
CA-2014-158407,,,,,-1.6689712624554668e-17,,,,103.968,-0.20697906165422505,,,,,8.449141758494671e-17
CA-2014-158561,,,,,-1.6689712624554668e-17,,,1158.12,,0.0412480084772329,,,,,8.449141758494671e-17
CA-2014-158729,1665.62,,,,0.11547688059858924,,,,,-2.6770475832846935e-17,,,,,8.449141758494671e-17
CA-2014-158743,,,,199.17,-0.09980423345798259,,,,,-2.6770475832846935e-17,,,,,8.449141758494671e-17
CA-2014-158883,,25.344,,,-0.12532263158406778,,,,,-2.6770475832846935e-17,,,,,8.449141758494671e-17
CA-2014-158967,19.104,,,,-0.12623869019616707,,,,,-2.6770475832846935e-17,,,,,8.449141758494671e-17
CA-2014-159100,,,,,-1.6689712624554668e-17,,,,1893.786,0.2144793980447044,,,,,8.449141758494671e-17
CA-2014-159135,,,,,-1.6689712624554668e-17,,,,,-2.6770475832846935e-17,,,,4.3,-0.41647712422329364
CA-2014-159464,,,,,-1.6689712624554668e-17,524.85,,,,-0.10787162199555314,,,,,8.449141758494671e-17
CA-2014-159667,,,,,-1.6689712624554668e-17,,,,,-2.6770475832846935e-17,,,,691.144,-0.16124782775091473
CA-2014-159954,,,,2.78,-0.12863512301410118,,,,,-2.6770475832846935e-17,,,,,8.449141758494671e-17
CA-2014-160017,,,,,-1.6689712624554668e-17,,,,10.368,-0.22901957740935755,,,,,8.449141758494671e-17
CA-2014-160423,,,,,-1.6689712624554668e-17,,,,,-2.6770475832846935e-17,,,,383.992,-0.2753846461115383
CA-2014-160458,,,25.92,,-0.1252380723275663,,,,,-2.6770475832846935e-17,,,,,8.449141758494671e-17
CA-2014-160724,,,,,-1.6689712624554668e-17,,,,34.5,-0.2233370803345407,,,,,8.449141758494671e-17
CA-2014-160899,,,,,-1.6689712624554668e-17,,,,,-2.6770475832846935e-17,,,477.51,,-0.24063362062757987
CA-2014-161046,,,,,-1.6689712624554668e-17,,839.25,,,-0.033838094715492595,,,,,8.449141758494671e-17
CA-2014-161053,726.91,,,,-0.02232975077380295,,,,,-2.6770475832846935e-17,,,,,8.449141758494671e-17
CA-2014-161088,,,,,-1.6689712624554668e-17,,,,,-2.6770475832846935e-17,,,,29.84,-0.40698653213556407
CA-2014-161130,,,,,-1.6689712624554668e-17,,,,361.376,-0.1463657595228452,,,,,8.449141758494671e-17
CA-2014-161200,,,161.14,,-0.10538719964678644,,,,,-2.6770475832846935e-17,,,,,8.449141758494671e-17
CA-2014-161592,,,,,-1.6689712624554668e-17,,,,8.1,-0.22955363606034732,,,,,8.449141758494671e-17
CA-2014-161851,,,,,-1.6689712624554668e-17,15.57,,,,-0.22779463336065883,,,,,8.449141758494671e-17
CA-2014-161970,,,,30.9,-0.12450698708906399,,,,,-2.6770475832846935e-17,,,,,8.449141758494671e-17
CA-2014-162033,,,,,-1.6689712624554668e-17,,,,,-2.6770475832846935e-17,,,,57.01,-0.39689023663738027
CA-2014-162173,,,,608.43,-0.03972312006250876,,,,,-2.6770475832846935e-17,,,,,8.449141758494671e-17
CA-2014-162635,10.816,,,,-0.12745540394249383,,,,,-2.6770475832846935e-17,,,,,8.449141758494671e-17
CA-2014-163321,,,79.992,,-0.11730007212349053,,,,,-2.6770475832846935e-17,,,,,8.449141758494671e-17
CA-2014-163335,79,,,,-0.11744570195413194,,,,,-2.6770475832846935e-17,,,,,8.449141758494671e-17
CA-2014-163510,,,400.39,,-0.07026427930307556,,,,,-2.6770475832846935e-17,,,,,8.449141758494671e-17
CA-2014-163629,,,,,-1.6689712624554668e-17,,,,286.09,-0.16409377521879506,,,,,8.449141758494671e-17
CA-2014-164756,,,,,-1.6689712624554668e-17,,,,997.83,0.0035036252465684837,,,,,8.449141758494671e-17
CA-2014-164917,,,,,-1.6689712624554668e-17,,,,47.96,-0.22016757881676202,,,,,8.449141758494671e-17
CA-2014-165029,,,,,-1.6689712624554668e-17,,,,12.84,-0.22843748173685022,,,,,8.449141758494671e-17
CA-2014-165204,,,728.968,,-0.022027627596927897,,,,,-2.6770475832846935e-17,,,,,8.449141758494671e-17
CA-2014-165687,,,,35.04,-0.12389921743295966,,,,,-2.6770475832846935e-17,,,,,8.449141758494671e-17
CA-2014-165715,,,,32.776,-0.12423158228837518,,,,,-2.6770475832846935e-17,,,,,8.449141758494671e-17
CA-2014-165904,,,,,-1.6689712624554668e-17,,,,,-2.6770475832846935e-17,,,,235.44,-0.33058615103778766
CA-2014-167871,,,,47.328,-0.1220952866275949,,,,,-2.6770475832846935e-17,,,,,8.449141758494671e-17
CA-2014-167941,,,831.368,,-0.00699487088555487,,,,,-2.6770475832846935e-17,,,,,8.449141758494671e-17
CA-2014-168102,,,,,-1.6689712624554668e-17,,,,113.568,-0.2047184959357499,,,,,8.449141758494671e-17
CA-2014-168389,,,,,-1.6689712624554668e-17,,,,873.811,-0.025699822653386443,,,,,8.449141758494671e-17
CA-2014-169005,,,,5.56,-0.12822700715806978,,,,,-2.6770475832846935e-17,,,,,8.449141758494671e-17
CA-2014-169012,,,,,-1.6689712624554668e-17,,,,41.91,-0.22159220617059272,,,,,8.449141758494671e-17
US-2011-102715,,,737.2,,-0.020819134889427663,,,,,-2.6770475832846935e-17,,,,,8.449141758494671e-17
US-2011-107405,,,,,-1.6689712624554668e-17,,,,16.272,-0.22762932949249534,,,,,8.449141758494671e-17
US-2011-109162,,,,,-1.6689712624554668e-17,,,,170.352,-0.1913472497109695,,,,,8.449141758494671e-17
US-2011-114377,,149.9,,,-0.10703727958268325,,,,,-2.6770475832846935e-17,,,,,8.449141758494671e-17
US-2011-115196,,,,1299.99,0.06180083727457251,,,,,-2.6770475832846935e-17,,,,,8.449141758494671e-17
US-2011-117135,,,425.67,,-0.06655306748995535,,,,,-2.6770475832846935e-17,,,,,8.449141758494671e-17
US-2011-117170,,,,52.608,-0.12132016010966473,,,,,-2.6770475832846935e-17,,,,,8.449141758494671e-17
US-2011-118997,,,,,-1.6689712624554668e-17,,,,1215.92,0.05485849790721863,,,,,8.449141758494671e-17
US-2011-125521,,,,,-1.6689712624554668e-17,,,,,-2.6770475832846935e-17,,,,1139.92,0.00551607024293591
US-2011-130358,23.12,,,,-0.1256491242688929,,,,,-2.6770475832846935e-17,,,,,8.449141758494671e-17
US-2011-138835,,,,,-1.6689712624554668e-17,,,,,-2.6770475832846935e-17,,,,9.64,-0.41449279525898364
US-2011-143581,,,,,-1.6689712624554668e-17,,,,344.91,-0.15024310068122138,,,,,8.449141758494671e-17
US-2011-147627,,,,1859.4,0.1439246110236856,,,,,-2.6770475832846935e-17,,,,,8.449141758494671e-17
US-2011-147774,,,,,-1.6689712624554668e-17,,,,67.194,-0.21563844120955883,,,,,8.449141758494671e-17
US-2011-150574,,,,252.612,-0.09195871994070527,,,,,-2.6770475832846935e-17,,,,,8.449141758494671e-17
US-2011-155502,,,,,-1.6689712624554668e-17,,,,,-2.6770475832846935e-17,,,,944.61,-0.06706057582810837
US-2011-155544,,,,310.528,-0.08345640414289394,,,,,-2.6770475832846935e-17,,,,,8.449141758494671e-17
US-2011-155817,,,,,-1.6689712624554668e-17,,,,,-2.6770475832846935e-17,,,,67.76,-0.3928955669058574
US-2011-156216,,,,,-1.6689712624554668e-17,,,,18.648,-0.22706983947717274,,,,,8.449141758494671e-17
US-2011-156559,,,,638.82,-0.035261738456467476,,,,,-2.6770475832846935e-17,,,,,8.449141758494671e-17
US-2011-157231,,,,,-1.6689712624554668e-17,,,,115.36,-0.2042965236683012,,,,,8.449141758494671e-17
US-2011-158057,,,,59.109,-0.12036578558446319,,,,,-2.6770475832846935e-17,,,,,8.449141758494671e-17
US-2011-164763,,,,,-1.6689712624554668e-17,,,,103.5,-0.2070892642330007,,,,,8.449141758494671e-17
US-2011-165659,,,,904.13,0.0036869010268760125,,,,,-2.6770475832846935e-17,,,,,8.449141758494671e-17
US-2011-167633,,,,15.552,-0.12676013894459282,,,,,-2.6770475832846935e-17,,,,,8.449141758494671e-17
US-2012-106495,11.672,,,,-0.1273297394918597,,,,,-2.6770475832846935e-17,,,,,8.449141758494671e-17
US-2012-108966,,,,979.9455,0.01481693976175005,,,,,-2.6770475832846935e-17,,,,,8.449141758494671e-17
US-2012-112508,,,,,-1.6689712624554668e-17,,,,6.992,-0.22981454302035464,,,,,8.449141758494671e-17
US-2012-113327,,,,,-1.6689712624554668e-17,,,,,-2.6770475832846935e-17,,,352.168,,-0.2872103549055832
US-2012-120572,,,,12.828,-0.12716003376179771,,,,,-2.6770475832846935e-17,,,,,8.449141758494671e-17
US-2012-123960,,,,207.82,-0.0985343765678129,,,,,-2.6770475832846935e-17,,,,,8.449141758494671e-17
US-2012-129553,,,,29.97,-0.12464351505529032,,,,,-2.6770475832846935e-17,,,,,8.449141758494671e-17
US-2012-130519,,,,,-1.6689712624554668e-17,,111.904,,,-0.20511032732695225,,,,,8.449141758494671e-17
US-2012-131842,,,,,-1.6689712624554668e-17,97.424,,,,-0.20852001395231892,,,,,8.449141758494671e-17
US-2012-134026,,,,1001.76,0.0180194013953462,,,,,-2.6770475832846935e-17,,,,,8.449141758494671e-17
US-2012-136476,,,,,-1.6689712624554668e-17,,,,157.794,-0.1943043522414498,,,,,8.449141758494671e-17
US-2012-136749,,,433.78,,-0.0653624849027558,,,,,-2.6770475832846935e-17,,,,,8.449141758494671e-17
US-2012-140851,,,,,-1.6689712624554668e-17,,,38.88,,-0.22230569722548643,,,,,8.449141758494671e-17
US-2012-145436,,,,551.264,-0.04811533266175045,,,,,-2.6770475832846935e-17,,,,,8.449141758494671e-17
US-2012-148817,,,,,-1.6689712624554668e-17,,,,125.64,-0.20187583454476743,,,,,8.449141758494671e-17
US-2012-149629,,,,,-1.6689712624554668e-17,,,231.92,,-0.17684948823648233,,,,,8.449141758494671e-17
US-2012-151435,,,85.98,,-0.11642100818611062,,,,,-2.6770475832846935e-17,,,,,8.449141758494671e-17
US-2012-158911,,,,,-1.6689712624554668e-17,,,,16.712,-0.22752572023039858,,,,,8.449141758494671e-17
US-2012-164357,,,,13.12,-0.12711716691648794,,,,,-2.6770475832846935e-17,,,,,8.449141758494671e-17
US-2012-168732,,,,129.64,-0.11001153398671076,,,,,-2.6770475832846935e-17,,,,,8.449141758494671e-17
US-2012-168935,,,,459.4335,-0.06159644169674791,,,,,-2.6770475832846935e-17,,,,,8.449141758494671e-17
US-2013-101616,,,,,-1.6689712624554668e-17,87.28,,,,-0.21090867839484098,,,,,8.449141758494671e-17
US-2013-102232,,,,,-1.6689712624554668e-17,,,,197.05,-0.1850605222576519,,,,,8.449141758494671e-17
US-2013-106600,354.9,,,,-0.07694240530698532,,,,,-2.6770475832846935e-17,,,,,8.449141758494671e-17
US-2013-108504,,,,,-1.6689712624554668e-17,,,,,-2.6770475832846935e-17,,2075.51,,,0.35317867992809443
US-2013-108637,,,,,-1.6689712624554668e-17,,,,,-2.6770475832846935e-17,,,,334.2,-0.2938872131135834
US-2013-109260,,,,,-1.6689712624554668e-17,,,,,-2.6770475832846935e-17,,,,431.976,-0.25755392681875766
US-2013-113649,645.136,,,,-0.03433452272024647,,,,,-2.6770475832846935e-17,,,,,8.449141758494671e-17
US-2013-116400,39.92,,,,-0.1231828126209333,,,,,-2.6770475832846935e-17,,,,,8.449141758494671e-17
US-2013-119298,59.98,,,,-0.12023791906985767,,,,,-2.6770475832846935e-17,,,,,8.449141758494671e-17
US-2013-120929,,,189.882,,-0.10116775146906883,,,,,-2.6770475832846935e-17,,,,,8.449141758494671e-17
US-2013-121013,,,,1678,0.1172943173963119,,,,,-2.6770475832846935e-17,,,,,8.449141758494671e-17
US-2013-123750,,,,,-1.6689712624554668e-17,,,,,-2.6770475832846935e-17,,,,895.06,-0.08547321631154624
US-2013-131891,2.214,,,,-0.12871821422795507,,,,,-2.6770475832846935e-17,,,,,8.449141758494671e-17
US-2013-132857,,,,6.672,-0.1280637608156572,,,,,-2.6770475832846935e-17,,,,,8.449141758494671e-17
US-2013-134761,,36.192,,,-0.1237300989199567,,,,,-2.6770475832846935e-17,,,,,8.449141758494671e-17
US-2013-135209,,,,,-1.6689712624554668e-17,,,,,-2.6770475832846935e-17,,,62.752,,-0.3947565256049706
US-2013-135923,,,,530.272,-0.05119704778758191,,,,,-2.6770475832846935e-17,,,,,8.449141758494671e-17
US-2013-137295,,,,187.228,-0.10155736998774054,,,,,-2.6770475832846935e-17,,,,,8.449141758494671e-17
US-2013-138408,,,,,-1.6689712624554668e-17,,,1319.96,,0.07935737888119286,,,,,8.449141758494671e-17
US-2013-139262,,,,,-1.6689712624554668e-17,,,,,-2.6770475832846935e-17,,,,471.078,-0.24302373371717567
US-2013-140809,,,,,-1.6689712624554668e-17,56.45,,,,-0.21816839100948557,,,,,8.449141758494671e-17
US-2013-142251,,,32.064,,-0.12433610692488394,,,,,-2.6770475832846935e-17,,,,,8.449141758494671e-17
US-2013-144393,,,,,-1.6689712624554668e-17,,,,17.616,-0.22731285029190884,,,,,8.449141758494671e-17
US-2013-146570,,,,,-1.6689712624554668e-17,,,,,-2.6770475832846935e-17,,,,612.14,-0.1906054917015408
US-2013-147991,,,,16.72,-0.12658867156335374,,,,,-2.6770475832846935e-17,,,,,8.449141758494671e-17
US-2013-148803,,85.224,,,-0.11653199221026879,,,,,-2.6770475832846935e-17,,,,,8.449141758494671e-17
US-2013-148901,,,,,-1.6689712624554668e-17,,,,191.018,-0.18648091105076042,,,,,8.449141758494671e-17
US-2013-150357,,,,,-1.6689712624554668e-17,,,,24.703,-0.2256440347453637,,,,,8.449141758494671e-17
US-2013-150567,,,,,-1.6689712624554668e-17,,,,29.97,-0.22440378478294615,,,,,8.449141758494671e-17
US-2013-153815,,,,,-1.6689712624554668e-17,368.432,,,,-0.14470424371976595,,,,,8.449141758494671e-17
US-2013-155404,,,,,-1.6689712624554668e-17,,,,,-2.6770475832846935e-17,,,,13.28,-0.41314018150803083
US-2013-156692,,89.32,,,-0.11593068194181388,,,,,-2.6770475832846935e-17,,,,,8.449141758494671e-17
US-2013-158309,,,,,-1.6689712624554668e-17,,,,,-2.6770475832846935e-17,3.744,,,,-0.4166837322577799
US-2013-159415,,,,,-1.6689712624554668e-17,,,,79.12,-0.21283015925554483,,,,,8.449141758494671e-17
US-2013-161844,,,,,-1.6689712624554668e-17,,,82.92,,-0.21193535199198177,,,,,8.449141758494671e-17
US-2013-162677,187.616,,,,-0.10150040993301386,,,,,-2.6770475832846935e-17,,,,,8.449141758494671e-17
US-2013-164588,,,,12.84,-0.12715827211062058,,,,,-2.6770475832846935e-17,,,,,8.449141758494671e-17
US-2013-164630,,,,,-1.6689712624554668e-17,,,,959.968,-0.005411951756859183,,,,,8.449141758494671e-17
US-2013-167472,678.87,,,,-0.029382227652849428,,,,,-2.6770475832846935e-17,,,,,8.449141758494671e-17
US-2013-168620,,,,,-1.6689712624554668e-17,,,,,-2.6770475832846935e-17,,,823.61,,-0.11202383513176081
US-2013-169369,,,,299.07,-0.08513848740850832,,,,,-2.6770475832846935e-17,,,,,8.449141758494671e-17
US-2014-100930,,,,,-1.6689712624554668e-17,,,,,-2.6770475832846935e-17,,,,1735.8505,0.2269621660979379
US-2014-102904,,,,239.92,-0.09382195966903287,,,,,-2.6770475832846935e-17,,,,,8.449141758494671e-17
US-2014-105935,,,,3002.65,0.31175858670998635,,,,,-2.6770475832846935e-17,,,,,8.449141758494671e-17
US-2014-108063,34.65,,,,-0.12395647109621587,,,,,-2.6770475832846935e-17,,,,,8.449141758494671e-17
US-2014-108315,,,,,-1.6689712624554668e-17,,,,,-2.6770475832846935e-17,,,,225.546,-0.33426273357952596
US-2014-109610,,,,,-1.6689712624554668e-17,,,701.96,,-0.06616653924564371,,,,,8.449141758494671e-17
US-2014-114356,,,,,-1.6689712624554668e-17,,,,,-2.6770475832846935e-17,,,,35.96,-0.40471235736747846
US-2014-115252,,,,,-1.6689712624554668e-17,,,,30.336,-0.2243176007149293,,,,,8.449141758494671e-17
US-2014-117450,,,,107.552,-0.11325414658671863,,,,,-2.6770475832846935e-17,,,,,8.449141758494671e-17
US-2014-120390,,,,,-1.6689712624554668e-17,,,,,-2.6770475832846935e-17,,,,1633.188,0.18881307016189483
US-2014-120607,,195.64,,,-0.10032245251258362,,,,,-2.6770475832846935e-17,,,,,8.449141758494671e-17
US-2014-126060,,,,,-1.6689712624554668e-17,,,,198.272,-0.18477277107973766,,,,,8.449141758494671e-17
US-2014-126179,,,,311.96,-0.08324618043575834,,,,,-2.6770475832846935e-17,,,,,8.449141758494671e-17
US-2014-128118,,,,,-1.6689712624554668e-17,,,,76.521,-0.21344216032870283,,,,,8.449141758494671e-17
US-2014-128951,,,,,-1.6689712624554668e-17,1065.84,,,,0.01951832050839071,,,,,8.449141758494671e-17
US-2014-129224,,,,,-1.6689712624554668e-17,,,,,-2.6770475832846935e-17,,,,4.608,-0.4163626722905207
US-2014-132031,,,,,-1.6689712624554668e-17,,,,,-2.6770475832846935e-17,,,,513.496,-0.22726132435236304
US-2014-132297,,,,,-1.6689712624554668e-17,,,,,-2.6770475832846935e-17,,,,598.31,-0.195744680760793
US-2014-132675,,,,,-1.6689712624554668e-17,,,,,-2.6770475832846935e-17,,,,148.16,-0.36301915328590983
US-2014-133781,37.608,,,,-0.12352222408105726,,,,,-2.6770475832846935e-17,,,,,8.449141758494671e-17
US-2014-134642,,,,428.704,-0.06610766335067503,,,,,-2.6770475832846935e-17,,,,,8.449141758494671e-17
US-2014-135062,,,229.544,,-0.09534520072017746,,,,,-2.6770475832846935e-17,,,,,8.449141758494671e-17
US-2014-135503,,,,,-1.6689712624554668e-17,,,,14.76,-0.22798536859315519,,,,,8.449141758494671e-17
US-2014-135986,,,,536.36,-0.05030330342372607,,,,,-2.6770475832846935e-17,,,,,8.449141758494671e-17
US-2014-136189,,,,82.38,-0.11694950353924483,,,,,-2.6770475832846935e-17,,,,,8.449141758494671e-17
US-2014-146822,,,,49.12,-0.12183221338514587,,,,,-2.6770475832846935e-17,,,,,8.449141758494671e-17
US-2014-146878,,,,12.294,-0.1272384272391793,,,,,-2.6770475832846935e-17,,,,,8.449141758494671e-17
US-2014-148768,,,,,-1.6689712624554668e-17,,,,,-2.6770475832846935e-17,,,71.976,,-0.39132891317673174
US-2014-148831,348.56,,,,-0.07787314434556057,,,,,-2.6770475832846935e-17,,,,,8.449141758494671e-17
US-2014-149510,,,,98.446,-0.11459094622161867,,,,,-2.6770475832846935e-17,,,,,8.449141758494671e-17
US-2014-152492,,239.24,,,-0.09392178656906933,,,,,-2.6770475832846935e-17,,,,,8.449141758494671e-17
US-2014-152842,,,,242.352,-0.09346493169713777,,,,,-2.6770475832846935e-17,,,,,8.449141758494671e-17
US-2014-152898,,,,67.9,-0.11907522929296242,,,,,-2.6770475832846935e-17,,,,,8.449141758494671e-17
US-2014-153633,,,2.064,,-0.128740234867669,,,,,-2.6770475832846935e-17,,,,,8.449141758494671e-17
US-2014-156083,,,,,-1.6689712624554668e-17,,,,,-2.6770475832846935e-17,,,,9.664,-0.4144838769265598
US-2014-158526,,,1814.68,,0.13735952430364065,,,,,-2.6770475832846935e-17,,,,,8.449141758494671e-17
US-2014-159205,,,,,-1.6689712624554668e-17,,,,,-2.6770475832846935e-17,,,732.93,,-0.14572026780659722
US-2014-162208,,,,,-1.6689712624554668e-17,2.896,,,,-0.23077905106023738,,,,,8.449141758494671e-17
US-2014-162558,,,,,-1.6689712624554668e-17,,,,,-2.6770475832846935e-17,2437.672,,,,0.48775705939858505
US-2014-162670,,,,,-1.6689712624554668e-17,,,1152.87,,0.04001176159994182,,,,,8.449141758494671e-17
US-2014-163195,,,29.16,,-0.12476242650974553,,,,,-2.6770475832846935e-17,,,,,8.449141758494671e-17
US-2014-165953,,,,71.096,-0.11860604286279104,,,,,-2.6770475832846935e-17,,,,,8.449141758494671e-17
US-2014-166233,,,,24,-0.12551993651590457,,,,,-2.6770475832846935e-17,,,,,8.449141758494671e-17
US-2014-166611,,,,,-1.6689712624554668e-17,,,,68.742,-0.21527392498745473,,,,,8.449141758494671e-17
US-2014-167920,,,1827.51,,0.13924302302050504,,,,,-2.6770475832846935e-17,,,,,8.449141758494671e-17
US-2014-168116,,,,,-1.6689712624554668e-17,,8167.42,,,1.6917671012384554,,,,,8.449141758494671e-17
US-2014-168690,,,,2.808,-0.12863101249468792,,,,,-2.6770475832846935e-17,,,,,8.449141758494671e-17
Grand Total,20802.173,8132.409,49724.2545,116922.1345,28.583077409734365,20792.607,9907.308,35243.231,55942.7865,28.469701571393212,7737.786,2977.456,8791.127,54748.6325,27.174874487533685
